país,codigo_pais,factor_(serie),codigo_serie,1987,1988,1989,1990,1991,1992,1993,1994,1995,1996,1997,1998,1999,2000,2001,2002,2003,2004,2005,2006,2007,2008,2009,2010,2011,2012,2013,2014,2015,2016,2017,2018,2019,2020,2021,2022
Afganistán,AFG,"Esperanza de vida al nacer, total (años)",SP.DYN.LE00.IN,39.844,43.958,45.158,45.967,46.663,47.596,51.466,51.495,52.544,53.243,53.634,52.943,54.846,55.298,55.798,56.454,57.344,57.944,58.361,58.684,59.111,59.852,60.364,60.851,61.419,61.923,62.417,62.545,62.659,63.136,63.016,63.081,63.565,62.575,61.982,
Afganistán,AFG,"Esperanza de vida al nacer, mujeres (años)",SP.DYN.LE00.FE.IN,43.453,46.569,47.61,48.397,49.144,50.32,52.739,53.544,54.087,54.806,55.151,54.818,56.3,56.858,57.344,57.672,58.65,59.216,59.697,60.243,60.909,61.529,61.892,62.408,62.993,63.514,64.027,64.274,64.576,65.096,66.099,66.458,66.677,65.432,65.279,
Afganistán,AFG,"Esperanza de vida al nacer, varones (años)",SP.DYN.LE00.MA.IN,36.739,41.572,42.891,43.709,44.353,45.07,50.216,49.531,51.039,51.722,52.153,51.134,53.41,53.762,54.272,55.227,56.032,56.658,57.013,57.133,57.342,58.172,58.82,59.278,59.825,60.317,60.791,60.812,60.76,61.193,60.105,59.923,60.619,59.866,58.915,
Alemania,DEU,"Esperanza de vida al nacer, total (años)",SP.DYN.LE00.IN,74.807,74.9987,75.1915,75.0856,75.3195,75.8195,75.8707,76.2707,76.422,76.6732,77.0732,77.4756,77.7268,77.9268,78.3293,78.2293,78.3805,78.6805,78.9317,79.1317,79.5341,79.7366,79.8366,79.9878,80.4366,80.539,80.4902,81.0902,80.6415,80.9902,80.9927,80.8927,81.2927,81.0415,80.901,
Alemania,DEU,"Esperanza de vida al nacer, mujeres (años)",SP.DYN.LE00.FE.IN,78.103,78.286,78.466,78.419,78.7,79.2,79.2,79.6,79.7,79.9,80.3,80.6,80.8,81.0,81.3,81.2,81.3,81.6,81.8,82.0,82.3,82.4,82.5,82.6,83.1,83.1,83.0,83.6,83.1,83.5,83.4,83.3,83.7,83.5,83.38,
Alemania,DEU,"Esperanza de vida al nacer, varones (años)",SP.DYN.LE00.MA.IN,71.668,71.868,72.073,71.911,72.1,72.6,72.7,73.1,73.3,73.6,74.0,74.5,74.8,75.0,75.5,75.4,75.6,75.9,76.2,76.4,76.9,77.2,77.3,77.5,77.9,78.1,78.1,78.7,78.3,78.6,78.7,78.6,79.0,78.7,78.54,
Argelia,DZA,"Esperanza de vida al nacer, total (años)",SP.DYN.LE00.IN,65.83,66.971,67.085,67.416,67.688,67.757,67.719,67.361,67.454,68.749,69.171,69.451,70.032,70.478,70.823,71.23,71.287,71.762,72.061,72.334,72.602,72.941,73.62,73.808,74.123,74.202,74.615,75.11,75.622,75.732,75.743,76.066,76.474,74.453,76.377,
Argelia,DZA,"Esperanza de vida al nacer, mujeres (años)",SP.DYN.LE00.FE.IN,67.239,67.901,68.102,68.517,69.007,69.307,69.202,69.169,69.518,70.4,70.925,71.262,71.414,71.949,72.197,72.559,72.25,72.812,73.075,73.379,73.735,74.071,74.864,74.873,75.236,75.478,75.84,76.467,76.824,76.803,76.821,77.205,77.76,75.912,77.959,
Argelia,DZA,"Esperanza de vida al nacer, varones (años)",SP.DYN.LE00.MA.IN,64.439,66.034,66.064,66.313,66.378,66.238,66.263,65.621,65.489,67.134,67.49,67.744,68.703,69.068,69.498,69.943,70.344,70.735,71.069,71.313,71.499,71.841,72.413,72.769,73.04,72.971,73.43,73.803,74.456,74.693,74.7,74.966,75.238,73.082,74.879,
Arabia Saudita,SAU,"Esperanza de vida al nacer, total (años)",SP.DYN.LE00.IN,67.4,67.972,68.491,68.948,69.366,69.925,70.303,70.705,71.011,71.273,71.483,71.879,72.136,72.467,72.974,73.337,73.628,74.153,74.588,74.81,75.046,75.274,75.431,75.763,76.234,76.461,76.626,76.757,76.918,77.064,77.16,77.212,77.304,76.239,76.936,
Arabia Saudita,SAU,"Esperanza de vida al nacer, mujeres (años)",SP.DYN.LE00.FE.IN,69.187,69.778,70.383,70.712,71.301,71.876,72.171,72.686,72.806,73.225,73.407,73.577,74.082,74.394,74.62,74.94,75.22,75.953,76.211,76.425,76.61,76.84,76.932,77.572,77.833,78.084,78.254,78.393,78.555,78.716,78.796,78.911,78.909,77.992,78.771,
Arabia Saudita,SAU,"Esperanza de vida al nacer, varones (años)",SP.DYN.LE00.MA.IN,66.1,66.679,67.166,67.724,68.065,68.639,69.082,69.419,69.825,69.992,70.207,70.719,70.811,71.128,71.774,72.128,72.388,72.728,73.269,73.526,73.829,74.095,74.334,74.519,75.124,75.33,75.487,75.611,75.766,75.861,75.917,75.921,76.07,74.966,75.59,
Argentina,ARG,"Esperanza de vida al nacer, total (años)",SP.DYN.LE00.IN,70.564,71.052,71.425,71.784,72.319,72.43,72.565,73.172,73.133,73.307,73.09,73.474,73.722,73.926,74.186,74.408,74.08,74.855,75.139,75.433,75.006,75.641,75.936,75.721,76.124,76.467,76.491,76.755,76.76,76.308,76.833,76.999,77.284,75.892,75.39,
Argentina,ARG,"Esperanza de vida al nacer, mujeres (años)",SP.DYN.LE00.FE.IN,74.004,74.381,74.735,74.963,75.635,75.719,75.94,76.049,76.243,76.418,76.464,76.758,76.989,77.223,77.59,78.075,77.276,78.103,78.527,78.716,78.515,78.927,79.07,78.838,79.322,79.953,79.927,80.004,80.188,79.67,80.085,80.329,80.681,79.285,78.647,
Argentina,ARG,"Esperanza de vida al nacer, varones (años)",SP.DYN.LE00.MA.IN,67.148,67.711,68.09,68.552,68.957,69.095,69.16,70.18,69.95,70.123,69.705,70.149,70.407,70.583,70.749,70.752,70.83,71.53,71.692,72.066,71.487,72.276,72.694,72.516,72.841,72.939,73.011,73.424,73.294,72.933,73.526,73.631,73.857,72.546,72.182,
Australia,AUS,"Esperanza de vida al nacer, total (años)",SP.DYN.LE00.IN,76.1517,76.4327,76.7137,76.9946,77.2756,77.378,77.878,77.878,77.8293,78.078,78.4805,78.6317,78.9317,79.2341,79.6341,79.9366,80.239,80.4902,80.8415,81.0415,81.2927,81.3951,81.5439,81.6951,81.8951,82.0463,82.1488,82.3,82.4,82.4488,82.5,82.7488,82.9,83.2,83.3,
Australia,AUS,"Esperanza de vida al nacer, mujeres (años)",SP.DYN.LE00.FE.IN,79.44,79.68,79.92,80.16,80.4,80.4,80.9,80.9,80.8,81.1,81.4,81.5,81.8,82.0,82.4,82.6,82.8,83.0,83.3,83.5,83.7,83.7,83.9,84.0,84.2,84.3,84.3,84.4,84.5,84.6,84.6,84.9,85.0,85.3,85.4,
Australia,AUS,"Esperanza de vida al nacer, varones (años)",SP.DYN.LE00.MA.IN,73.02,73.34,73.66,73.98,74.3,74.5,75.0,75.0,75.0,75.2,75.7,75.9,76.2,76.6,77.0,77.4,77.8,78.1,78.5,78.7,79.0,79.2,79.3,79.5,79.7,79.9,80.1,80.3,80.4,80.4,80.5,80.7,80.9,81.2,81.3,
Austria,AUT,"Esperanza de vida al nacer, total (años)",SP.DYN.LE00.IN,74.7683,75.2171,75.2659,75.5683,75.6171,75.8171,76.0683,76.4195,76.6683,76.8707,77.3195,77.6707,77.8756,78.1268,78.5756,78.678,78.6317,79.1805,79.3317,79.8805,80.1805,80.4317,80.3317,80.5805,80.9829,80.9366,81.1366,81.4902,81.1902,81.6415,81.6439,81.6927,81.8951,81.1927,81.239,
Austria,AUT,"Esperanza de vida al nacer, mujeres (años)",SP.DYN.LE00.FE.IN,78.2,78.7,78.8,79.0,79.1,79.3,79.5,79.8,80.1,80.2,80.7,81.0,81.0,81.2,81.7,81.7,81.5,82.1,82.2,82.8,83.1,83.3,83.2,83.5,83.8,83.6,83.8,84.0,83.7,84.1,84.0,84.1,84.2,83.6,83.8,
Austria,AUT,"Esperanza de vida al nacer, varones (años)",SP.DYN.LE00.MA.IN,71.5,71.9,71.9,72.3,72.3,72.5,72.8,73.2,73.4,73.7,74.1,74.5,74.9,75.2,75.6,75.8,75.9,76.4,76.6,77.1,77.4,77.7,77.6,77.8,78.3,78.4,78.6,79.1,78.8,79.3,79.4,79.4,79.7,78.9,78.8,
Brasil,BRA,"Esperanza de vida al nacer, total (años)",SP.DYN.LE00.IN,65.08,65.454,65.868,65.985,66.31,66.708,67.109,67.568,67.919,68.409,68.813,69.189,69.524,69.737,70.195,70.41,70.72,71.131,71.753,72.037,72.365,72.715,72.948,73.182,73.343,73.552,73.918,74.306,74.332,74.442,74.827,75.109,75.338,74.009,72.75,
Brasil,BRA,"Esperanza de vida al nacer, mujeres (años)",SP.DYN.LE00.FE.IN,67.715,68.091,68.532,69.041,69.335,69.775,70.18,70.646,71.089,71.592,72.03,72.432,72.813,73.431,73.969,74.189,74.42,74.916,75.402,75.665,75.88,76.134,76.299,76.592,76.651,76.869,77.12,77.432,77.572,77.848,78.032,78.266,78.469,77.375,76.009,
Brasil,BRA,"Esperanza de vida al nacer, varones (años)",SP.DYN.LE00.MA.IN,62.559,62.929,63.315,63.099,63.442,63.799,64.19,64.637,64.905,65.376,65.743,66.091,66.381,66.262,66.644,66.845,67.206,67.537,68.252,68.545,68.956,69.378,69.664,69.844,70.089,70.287,70.745,71.191,71.124,71.092,71.635,71.956,72.203,70.7,69.56,
Burkina Faso,BFA,"Esperanza de vida al nacer, total (años)",SP.DYN.LE00.IN,49.058,49.132,49.174,49.44,49.45,49.437,49.209,49.307,49.446,49.614,49.4,49.991,50.325,50.847,51.071,51.272,51.793,52.416,53.092,53.742,54.375,55.342,55.959,56.477,57.125,57.619,57.823,58.359,58.845,59.326,59.536,60.047,60.039,59.731,59.27,
Burkina Faso,BFA,"Esperanza de vida al nacer, mujeres (años)",SP.DYN.LE00.FE.IN,50.033,50.031,50.065,50.436,50.439,50.42,50.22,50.461,50.578,50.823,50.526,51.191,51.679,52.376,52.578,52.7,53.172,53.786,54.617,55.158,55.777,56.842,57.32,57.888,58.616,59.096,59.262,59.884,60.401,60.927,61.178,61.706,61.822,61.598,60.99,
Burkina Faso,BFA,"Esperanza de vida al nacer, varones (años)",SP.DYN.LE00.MA.IN,48.03,48.178,48.225,48.383,48.396,48.382,48.12,48.071,48.224,48.313,48.176,48.691,48.875,49.225,49.471,49.752,50.32,50.953,51.479,52.234,52.878,53.745,54.493,54.959,55.527,56.033,56.277,56.727,57.184,57.623,57.797,58.29,58.173,57.787,57.474,
China,CHN,"Esperanza de vida al nacer, total (años)",SP.DYN.LE00.IN,67.288,67.581,67.838,68.005,68.169,68.734,69.216,69.52,70.008,70.266,70.672,71.172,71.419,71.881,72.606,72.985,73.371,73.748,74.111,74.504,74.762,74.872,75.343,75.599,75.903,76.192,76.452,76.717,76.977,77.218,77.248,77.744,77.968,78.077,78.211,
China,CHN,"Esperanza de vida al nacer, mujeres (años)",SP.DYN.LE00.FE.IN,69.795,70.094,70.331,70.424,70.333,70.965,71.548,71.736,72.308,72.503,72.915,73.587,73.582,74.189,75.258,75.64,76.044,76.433,76.819,77.167,77.492,77.562,78.066,78.326,78.644,78.983,79.223,79.499,79.772,80.053,80.321,80.637,80.816,81.058,81.155,
China,CHN,"Esperanza de vida al nacer, varones (años)",SP.DYN.LE00.MA.IN,64.912,65.202,65.478,65.714,66.099,66.608,67.006,67.414,67.833,68.152,68.558,68.916,69.38,69.723,70.162,70.538,70.91,71.275,71.619,72.043,72.248,72.389,72.831,73.08,73.368,73.613,73.884,74.134,74.379,74.582,74.433,75.046,75.298,75.305,75.463,
Canadá,CAN,"Esperanza de vida al nacer, total (años)",SP.DYN.LE00.IN,76.7788,76.8588,77.1249,77.4366,77.5934,77.838,77.7049,77.8717,77.9773,78.2202,78.4124,78.6237,78.839,79.1668,79.398,79.5307,79.7151,79.9922,80.1127,80.5437,80.5437,80.7246,81.0661,81.3222,81.4827,81.6637,81.7449,81.7844,81.8156,81.9249,81.8329,81.8439,82.2288,81.6705,82.5966,
Canadá,CAN,"Esperanza de vida al nacer, mujeres (años)",SP.DYN.LE00.FE.IN,80.19,80.27,80.49,80.73,80.81,81.07,80.86,80.95,81.03,81.15,81.25,81.41,81.61,81.82,82.0,82.02,82.23,82.42,82.52,82.91,82.91,83.05,83.33,83.54,83.68,83.82,83.85,83.91,83.89,84.03,84.02,83.99,84.38,83.96,84.671,
Canadá,CAN,"Esperanza de vida al nacer, varones (años)",SP.DYN.LE00.MA.IN,73.53,73.61,73.92,74.3,74.53,74.76,74.7,74.94,75.07,75.43,75.71,75.97,76.2,76.64,76.92,77.16,77.32,77.68,77.82,78.29,78.29,78.51,78.91,79.21,79.39,79.61,79.74,79.76,79.84,79.92,79.75,79.8,80.18,79.49,80.621,
Camboya,KHM,"Esperanza de vida al nacer, total (años)",SP.DYN.LE00.IN,53.454,54.276,54.798,55.434,55.793,56.021,56.08,56.035,56.308,56.346,56.743,57.028,57.69,58.625,59.966,61.226,62.523,63.552,64.293,65.059,65.731,66.47,67.444,67.712,68.416,68.915,69.304,69.736,69.873,70.224,70.515,70.561,70.692,70.416,69.584,
Camboya,KHM,"Esperanza de vida al nacer, mujeres (años)",SP.DYN.LE00.FE.IN,55.983,56.569,57.466,57.987,58.071,58.213,58.245,58.047,58.217,58.4,58.622,58.909,59.575,60.53,61.91,63.316,64.643,65.46,66.209,67.01,67.698,68.479,69.575,69.834,70.726,71.026,71.665,71.881,72.02,72.666,72.689,72.778,72.873,72.724,72.291,
Camboya,KHM,"Esperanza de vida al nacer, varones (años)",SP.DYN.LE00.MA.IN,50.597,51.679,51.808,52.578,53.234,53.568,53.711,53.853,54.233,54.132,54.708,54.991,55.643,56.559,57.863,58.973,60.238,61.48,62.213,62.945,63.603,64.299,65.155,65.436,65.957,66.652,66.802,67.446,67.586,67.658,68.213,68.226,68.4,67.999,66.819,
Chad,TCD,"Esperanza de vida al nacer, total (años)",SP.DYN.LE00.IN,42.798,45.785,45.875,44.686,45.941,46.102,46.318,46.449,46.711,47.013,47.217,47.224,47.372,47.443,47.85,47.946,48.206,48.232,48.312,48.286,48.751,49.024,49.196,49.584,50.009,50.54,50.781,51.202,51.589,52.083,52.308,52.825,53.259,52.777,52.525,
Chad,TCD,"Esperanza de vida al nacer, mujeres (años)",SP.DYN.LE00.FE.IN,47.422,47.494,47.738,47.793,47.438,47.5,47.438,47.514,47.713,48.041,48.187,48.234,48.335,48.557,48.802,48.875,49.102,49.313,49.304,49.515,50.005,50.281,50.361,50.798,51.279,51.849,52.16,52.63,53.132,53.317,53.752,54.317,54.908,54.396,54.283,
Chad,TCD,"Esperanza de vida al nacer, varones (años)",SP.DYN.LE00.MA.IN,38.766,44.081,44.033,41.782,44.437,44.698,45.181,45.365,45.688,45.97,46.231,46.203,46.399,46.325,46.888,47.012,47.307,47.158,47.33,47.083,47.521,47.788,48.045,48.388,48.76,49.255,49.431,49.808,50.09,50.867,50.898,51.372,51.664,51.218,50.845,
Dinamarca,DNK,"Esperanza de vida al nacer, total (años)",SP.DYN.LE00.IN,74.6912,74.7717,74.7998,74.8054,75.1578,75.1941,75.1168,75.3751,75.2127,75.5915,75.9451,76.139,76.3415,76.5927,76.7927,76.8951,77.1439,77.4927,77.8439,78.0951,78.1951,78.4463,78.5976,79.1,79.8,80.0512,80.3,80.7,80.7024,80.8537,81.1024,80.9537,81.4512,81.6024,81.4049,
Dinamarca,DNK,"Esperanza de vida al nacer, mujeres (años)",SP.DYN.LE00.FE.IN,77.79,77.64,77.75,77.73,77.98,77.96,77.77,78.1,77.83,78.26,78.46,78.7,78.8,79.0,79.2,79.2,79.5,79.9,80.2,80.4,80.5,80.7,80.8,81.2,81.9,82.1,82.4,82.8,82.7,82.8,83.1,82.9,83.5,83.6,83.3,
Dinamarca,DNK,"Esperanza de vida al nacer, varones (años)",SP.DYN.LE00.MA.IN,71.74,72.04,71.99,72.02,72.47,72.56,72.59,72.78,72.72,73.05,73.55,73.7,74.0,74.3,74.5,74.7,74.9,75.2,75.6,75.9,76.0,76.3,76.5,77.1,77.8,78.1,78.3,78.7,78.8,79.0,79.2,79.1,79.5,79.7,79.6,
Ecuador,ECU,"Esperanza de vida al nacer, total (años)",SP.DYN.LE00.IN,67.3,68.056,68.749,69.348,69.625,70.117,70.345,70.757,71.041,71.362,71.681,72.045,72.463,72.839,73.24,73.613,73.975,74.279,74.514,74.689,74.844,74.983,75.184,75.43,75.743,76.062,76.369,76.622,76.789,76.763,76.972,77.094,77.297,72.153,73.67,
Ecuador,ECU,"Esperanza de vida al nacer, mujeres (años)",SP.DYN.LE00.FE.IN,70.098,71.0,71.825,72.512,72.822,73.334,73.533,73.954,74.228,74.541,74.857,75.209,75.618,75.964,76.329,76.663,76.997,77.285,77.534,77.747,77.947,78.116,78.308,78.488,78.675,78.842,78.997,79.124,79.209,79.137,79.395,79.604,79.953,76.056,77.462,
Ecuador,ECU,"Esperanza de vida al nacer, varones (años)",SP.DYN.LE00.MA.IN,64.625,65.244,65.809,66.314,66.55,67.012,67.258,67.657,67.95,68.277,68.599,68.972,69.397,69.799,70.231,70.642,71.031,71.35,71.574,71.714,71.832,71.945,72.154,72.458,72.879,73.332,73.777,74.146,74.391,74.41,74.577,74.623,74.699,68.765,70.26,
Emiratos Árabes Unidos,ARE,"Esperanza de vida al nacer, total (años)",SP.DYN.LE00.IN,71.491,71.606,71.757,71.9,72.241,72.306,72.521,72.598,72.695,72.767,72.937,73.066,73.67,74.38,74.636,74.901,76.222,76.453,76.683,76.909,77.129,77.488,78.003,78.334,78.517,78.716,78.853,79.044,79.223,79.335,79.504,79.627,79.726,78.946,78.71,
Emiratos Árabes Unidos,ARE,"Esperanza de vida al nacer, mujeres (años)",SP.DYN.LE00.FE.IN,74.513,74.648,74.788,74.922,75.04,74.99,75.524,75.595,75.633,75.343,75.534,75.676,76.193,76.617,76.998,77.35,78.521,78.784,79.033,79.289,79.52,79.75,79.982,80.203,80.415,80.623,80.828,81.023,81.212,81.396,81.626,81.79,81.907,81.112,80.937,
Emiratos Árabes Unidos,ARE,"Esperanza de vida al nacer, varones (años)",SP.DYN.LE00.MA.IN,69.768,69.907,70.09,70.262,70.698,70.831,70.938,71.027,71.152,71.365,71.555,71.704,72.348,73.166,73.388,73.631,74.984,75.202,75.417,75.639,75.825,76.027,76.233,76.459,76.665,76.931,77.084,77.331,77.563,77.684,77.871,78.028,78.175,77.464,77.216,
"Egipto, República Árabe de",EGY,"Esperanza de vida al nacer, total (años)",SP.DYN.LE00.IN,62.137,62.98,63.628,64.146,64.755,65.031,65.468,65.816,66.312,66.742,67.197,67.471,67.737,68.007,68.308,68.564,68.402,68.613,68.779,68.977,69.128,69.319,69.48,69.664,69.88,70.085,70.052,70.415,70.483,70.844,71.302,71.367,71.358,70.99,70.221,
"Egipto, República Árabe de",EGY,"Esperanza de vida al nacer, mujeres (años)",SP.DYN.LE00.FE.IN,63.916,64.889,65.326,65.972,66.504,66.743,67.137,67.687,68.304,68.751,69.242,69.364,69.62,70.095,70.431,70.735,70.659,70.914,71.226,71.49,71.706,71.93,72.087,72.318,72.605,72.745,72.82,73.163,73.081,73.552,73.974,73.927,73.711,73.39,72.608,
"Egipto, República Árabe de",EGY,"Esperanza de vida al nacer, varones (años)",SP.DYN.LE00.MA.IN,60.27,60.984,61.831,62.227,62.912,63.228,63.714,63.876,64.263,64.68,65.104,65.528,65.81,65.897,66.168,66.383,66.159,66.336,66.38,66.525,66.623,66.785,66.951,67.096,67.253,67.513,67.398,67.773,67.967,68.233,68.712,68.875,69.049,68.667,67.935,
Cuba,CUB,"Esperanza de vida al nacer, total (años)",SP.DYN.LE00.IN,73.825,73.913,73.981,74.039,74.093,74.162,74.261,74.411,74.623,74.903,75.222,75.564,75.893,76.183,76.421,76.612,76.773,76.912,77.047,77.179,77.307,77.429,77.548,77.661,77.76,77.833,77.87,77.853,77.772,77.643,77.529,77.496,77.611,77.567,73.683,
Cuba,CUB,"Esperanza de vida al nacer, mujeres (años)",SP.DYN.LE00.FE.IN,75.927,76.058,76.179,76.297,76.408,76.531,76.672,76.851,77.08,77.361,77.671,78.003,78.315,78.595,78.831,79.022,79.183,79.321,79.453,79.578,79.694,79.798,79.898,79.99,80.063,80.122,80.157,80.166,80.148,80.111,80.071,80.051,80.075,80.225,76.359,
Cuba,CUB,"Esperanza de vida al nacer, varones (años)",SP.DYN.LE00.MA.IN,71.918,71.959,71.975,71.978,71.984,72.007,72.072,72.194,72.388,72.656,72.971,73.31,73.644,73.941,74.183,74.381,74.545,74.684,74.818,74.95,75.079,75.209,75.335,75.46,75.575,75.657,75.688,75.644,75.505,75.297,75.118,75.067,75.244,75.044,71.245,
Costa Rica,CRI,"Esperanza de vida al nacer, total (años)",SP.DYN.LE00.IN,75.741,76.106,76.263,76.63,76.591,76.627,76.703,76.67,76.552,76.804,77.07,76.896,77.138,77.586,77.545,77.983,78.072,78.331,78.505,78.514,78.462,78.445,78.672,78.67,79.348,79.283,79.403,78.774,79.086,79.459,79.377,79.484,79.427,79.277,77.023,
Costa Rica,CRI,"Esperanza de vida al nacer, mujeres (años)",SP.DYN.LE00.FE.IN,77.676,78.129,78.537,78.767,78.49,78.68,78.822,78.892,78.981,79.063,79.661,79.253,79.738,80.038,79.893,80.374,80.412,80.635,80.862,81.064,80.934,81.016,81.236,81.083,81.711,81.62,81.762,81.236,81.569,82.008,81.76,82.083,81.953,81.912,79.811,
Costa Rica,CRI,"Esperanza de vida al nacer, varones (años)",SP.DYN.LE00.MA.IN,73.902,74.186,74.129,74.604,74.767,74.668,74.686,74.563,74.272,74.657,74.646,74.658,74.695,75.252,75.297,75.692,75.82,76.104,76.231,76.079,76.089,75.99,76.216,76.34,77.048,77.009,77.112,76.409,76.698,77.01,77.07,76.996,77.002,76.751,74.418,
Estados Unidos,USA,"Esperanza de vida al nacer, total (años)",SP.DYN.LE00.IN,74.7659,74.7659,75.0171,75.2146,75.3659,75.6171,75.4195,75.6195,75.622,76.0268,76.4293,76.5805,76.5829,76.6366,76.8366,76.9366,77.0366,77.4878,77.4878,77.6878,77.9878,78.039,78.3902,78.5415,78.6415,78.7415,78.7415,78.8415,78.6902,78.539,78.539,78.639,78.7878,76.9805,76.3293,
Estados Unidos,USA,"Esperanza de vida al nacer, mujeres (años)",SP.DYN.LE00.FE.IN,78.3,78.3,78.5,78.8,78.9,79.1,78.8,79.0,78.9,79.1,79.4,79.5,79.4,79.3,79.5,79.6,79.7,80.1,80.1,80.3,80.6,80.6,80.9,81.0,81.1,81.2,81.2,81.3,81.2,81.1,81.1,81.2,81.4,79.9,79.3,
Estados Unidos,USA,"Esperanza de vida al nacer, varones (años)",SP.DYN.LE00.MA.IN,71.4,71.4,71.7,71.8,72.0,72.3,72.2,72.4,72.5,73.1,73.6,73.8,73.9,74.1,74.3,74.4,74.5,75.0,75.0,75.2,75.5,75.6,76.0,76.2,76.3,76.4,76.4,76.5,76.3,76.1,76.1,76.2,76.3,74.2,73.5,
España,ESP,"Esperanza de vida al nacer, total (años)",SP.DYN.LE00.IN,76.728,76.7471,76.8137,76.8376,76.9712,77.41,77.5466,77.9015,77.9807,78.1205,78.6041,78.6659,78.7171,78.9659,79.3683,79.5683,79.6195,79.8707,80.1707,80.822,80.8732,81.1756,81.4756,81.6268,82.4756,82.4268,83.078,83.2293,82.8317,83.3293,83.2829,83.4317,83.8317,82.3317,83.178,
España,ESP,"Esperanza de vida al nacer, mujeres (años)",SP.DYN.LE00.FE.IN,80.17,80.23,80.44,80.51,80.7,81.19,81.26,81.62,81.73,81.88,82.21,82.2,82.2,82.5,82.8,83.0,83.0,83.2,83.5,84.1,84.1,84.3,84.6,84.7,85.6,85.5,86.1,86.2,85.7,86.3,86.1,86.3,86.7,85.2,86.2,
España,ESP,"Esperanza de vida al nacer, varones (años)",SP.DYN.LE00.MA.IN,73.45,73.43,73.36,73.34,73.42,73.81,74.01,74.36,74.41,74.54,75.17,75.3,75.4,75.6,76.1,76.3,76.4,76.7,77.0,77.7,77.8,78.2,78.5,78.7,79.5,79.5,80.2,80.4,80.1,80.5,80.6,80.7,81.1,79.6,80.3,
Fiji,FJI,"Esperanza de vida al nacer, total (años)",SP.DYN.LE00.IN,64.936,65.149,65.277,65.508,65.643,65.827,65.928,66.125,66.286,66.408,66.448,66.68,66.763,66.31,66.34,65.748,66.177,66.424,66.632,66.855,66.826,66.935,67.089,67.328,67.523,67.552,67.428,67.376,66.844,67.24,67.79,67.81,67.893,67.924,67.114,
Fiji,FJI,"Esperanza de vida al nacer, mujeres (años)",SP.DYN.LE00.FE.IN,67.773,67.98,68.026,68.213,68.316,68.41,68.454,68.652,68.771,68.853,68.817,69.117,69.193,68.678,68.629,67.98,68.302,68.484,68.666,68.797,68.727,68.885,69.046,69.271,69.521,69.412,69.38,69.347,68.932,69.137,69.656,69.664,69.728,69.743,68.877,
Fiji,FJI,"Esperanza de vida al nacer, varones (años)",SP.DYN.LE00.MA.IN,62.593,62.791,62.958,63.204,63.349,63.583,63.715,63.897,64.077,64.218,64.306,64.488,64.577,64.181,64.273,63.738,64.247,64.546,64.776,65.074,65.084,65.16,65.298,65.536,65.678,65.809,65.609,65.536,64.915,65.446,66.008,66.031,66.126,66.166,65.426,
Finlandia,FIN,"Esperanza de vida al nacer, total (años)",SP.DYN.LE00.IN,74.592,74.5771,74.7922,74.8132,75.2276,75.4554,75.7051,76.3956,76.4095,76.6934,76.8785,77.0907,77.2912,77.4659,77.9659,78.1195,78.3683,78.7146,78.8171,79.2146,79.2634,79.5683,79.7195,79.8707,80.4707,80.6268,80.9756,81.1805,81.4805,81.4293,81.6317,81.7341,81.9829,81.9317,81.9341,
Finlandia,FIN,"Esperanza de vida al nacer, mujeres (años)",SP.DYN.LE00.FE.IN,78.71,78.69,78.9,78.88,79.32,79.43,79.48,80.15,80.21,80.54,80.51,80.84,81.02,81.0,81.5,81.5,81.8,82.3,82.3,82.8,82.9,83.0,83.1,83.2,83.8,83.7,84.1,84.1,84.4,84.4,84.5,84.5,84.8,84.8,84.7,
Finlandia,FIN,"Esperanza de vida al nacer, varones (años)",SP.DYN.LE00.MA.IN,70.67,70.66,70.88,70.94,71.33,71.67,72.11,72.82,72.79,73.03,73.42,73.52,73.74,74.1,74.6,74.9,75.1,75.3,75.5,75.8,75.8,76.3,76.5,76.7,77.3,77.7,78.0,78.4,78.7,78.6,78.9,79.1,79.3,79.2,79.3,
Federación de Rusia,RUS,"Esperanza de vida al nacer, total (años)",SP.DYN.LE00.IN,69.44,69.4644,69.1717,68.8861,68.4744,66.8732,64.9359,64.4671,64.6907,65.8541,66.6988,67.0298,65.9822,65.4837,65.3834,65.1288,65.0276,65.471,65.5298,66.7276,67.5868,67.9493,68.6846,68.8412,69.6839,70.0722,70.5788,70.7437,71.1834,71.6512,72.4515,72.6622,73.0839,71.3388,69.3612,
Federación de Rusia,RUS,"Esperanza de vida al nacer, mujeres (años)",SP.DYN.LE00.FE.IN,74.27,74.53,74.35,74.3,73.75,71.99,71.2,71.73,71.59,72.4,72.84,73.13,72.4,72.26,72.17,71.9,71.85,72.36,72.47,73.34,74.02,74.28,74.79,74.88,75.61,75.86,76.3,76.47,76.71,77.06,77.64,77.82,78.17,76.43,74.77,
Federación de Rusia,RUS,"Esperanza de vida al nacer, varones (años)",SP.DYN.LE00.MA.IN,64.84,64.64,64.24,63.73,63.45,62.0,58.97,57.55,58.12,59.62,60.85,61.22,59.87,59.03,58.92,58.68,58.53,58.91,58.92,60.43,61.46,61.92,62.87,63.09,64.04,64.56,65.13,65.29,65.92,66.5,67.51,67.75,68.24,66.49,64.21,
Grecia,GRC,"Esperanza de vida al nacer, total (años)",SP.DYN.LE00.IN,76.2799,76.9808,76.6878,76.939,77.1366,77.3829,77.3902,77.639,77.5854,77.6854,78.1366,77.839,77.9878,77.8878,78.3878,78.6415,78.8415,79.039,79.239,79.439,79.439,79.939,80.1878,80.3878,80.7317,80.6341,81.2854,81.3854,81.0366,81.3878,81.2878,81.7878,81.639,81.2878,80.1829,
Grecia,GRC,"Esperanza de vida al nacer, mujeres (años)",SP.DYN.LE00.FE.IN,78.827,79.637,79.3,79.5,79.8,80.2,79.9,80.2,80.3,80.4,80.8,80.4,80.6,80.5,81.0,81.1,81.3,81.6,81.8,82.0,82.0,82.5,82.8,83.0,83.6,83.4,84.0,84.1,83.7,84.0,83.9,84.4,84.2,83.9,83.0,
Grecia,GRC,"Esperanza de vida al nacer, varones (años)",SP.DYN.LE00.MA.IN,73.854,74.451,74.2,74.5,74.6,74.7,75.0,75.2,75.0,75.1,75.6,75.4,75.5,75.4,75.9,76.3,76.5,76.6,76.8,77.0,77.0,77.5,77.7,77.9,78.0,78.0,78.7,78.8,78.5,78.9,78.8,79.3,79.2,78.8,77.5,
India,IND,"Esperanza de vida al nacer, total (años)",SP.DYN.LE00.IN,57.315,57.777,58.233,58.652,59.055,59.452,59.815,60.216,60.596,60.984,61.388,61.792,62.207,62.669,63.091,63.616,64.094,64.524,64.996,65.412,65.788,66.149,66.513,66.909,67.359,67.887,68.46,69.074,69.636,70.117,70.467,70.71,70.91,70.15,67.24,
India,IND,"Esperanza de vida al nacer, mujeres (años)",SP.DYN.LE00.FE.IN,57.999,58.546,59.064,59.537,59.956,60.335,60.65,61.007,61.351,61.733,62.148,62.595,63.111,63.639,64.131,64.729,65.287,65.831,66.379,66.891,67.342,67.786,68.215,68.645,69.106,69.592,70.083,70.602,71.077,71.503,71.856,72.142,72.395,71.824,68.886,
India,IND,"Esperanza de vida al nacer, varones (años)",SP.DYN.LE00.MA.IN,56.726,57.113,57.511,57.876,58.256,58.66,59.054,59.483,59.89,60.277,60.665,61.028,61.351,61.754,62.114,62.573,62.981,63.313,63.719,64.053,64.365,64.654,64.962,65.327,65.765,66.324,66.961,67.651,68.285,68.81,69.159,69.367,69.525,68.615,65.756,
Marruecos,MAR,"Esperanza de vida al nacer, total (años)",SP.DYN.LE00.IN,60.711,61.32,61.899,62.448,62.946,63.401,63.872,64.346,64.736,65.238,65.629,66.018,66.406,66.787,67.18,67.547,67.915,68.231,68.704,69.128,69.604,70.048,70.458,70.829,71.269,71.679,72.122,72.538,72.92,73.284,73.66,73.986,74.27,73.92,74.042,
Marruecos,MAR,"Esperanza de vida al nacer, mujeres (años)",SP.DYN.LE00.FE.IN,62.207,62.864,63.464,64.019,64.52,64.972,65.495,65.986,66.385,66.875,67.268,67.683,68.126,68.529,68.902,69.239,69.593,69.869,70.398,70.876,71.34,71.757,72.142,72.485,73.023,73.525,73.976,74.39,74.777,75.176,75.664,76.086,76.448,76.308,76.398,
Marruecos,MAR,"Esperanza de vida al nacer, varones (años)",SP.DYN.LE00.MA.IN,59.289,59.858,60.417,60.962,61.459,61.918,62.341,62.799,63.181,63.692,64.079,64.441,64.777,65.135,65.542,65.932,66.31,66.659,67.077,67.454,67.942,68.413,68.846,69.244,69.601,69.933,70.371,70.788,71.166,71.502,71.783,72.028,72.245,71.757,71.893,
México,MEX,"Esperanza de vida al nacer, total (años)",SP.DYN.LE00.IN,68.844,69.253,69.623,69.971,70.298,70.616,70.942,71.279,71.646,72.037,72.445,72.845,73.225,73.569,73.867,74.106,74.274,74.372,74.376,74.331,74.238,74.152,74.119,74.19,74.365,74.574,74.739,74.797,74.682,74.412,74.138,74.015,74.202,70.133,70.213,
México,MEX,"Esperanza de vida al nacer, mujeres (años)",SP.DYN.LE00.FE.IN,72.433,72.862,73.259,73.647,74.009,74.357,74.681,74.99,75.282,75.566,75.834,76.082,76.308,76.512,76.685,76.826,76.921,76.983,76.986,76.981,76.956,76.952,76.993,77.117,77.311,77.535,77.706,77.782,77.692,77.486,77.303,77.286,77.574,74.314,74.864,
México,MEX,"Esperanza de vida al nacer, varones (años)",SP.DYN.LE00.MA.IN,65.485,65.877,66.221,66.533,66.826,67.112,67.43,67.781,68.201,68.674,69.194,69.717,70.227,70.692,71.098,71.422,71.653,71.781,71.782,71.697,71.54,71.376,71.273,71.295,71.451,71.651,71.814,71.859,71.723,71.398,71.044,70.829,70.931,66.334,66.056,
Nepal,NPL,"Esperanza de vida al nacer, total (años)",SP.DYN.LE00.IN,52.475,53.071,54.127,54.833,55.712,56.71,57.619,58.553,59.318,59.981,60.771,61.549,62.113,62.614,63.336,63.264,64.197,64.818,65.457,65.868,66.329,66.421,66.761,66.814,67.313,67.47,67.965,68.085,67.456,68.776,68.91,68.979,69.558,69.246,68.45,
Nepal,NPL,"Esperanza de vida al nacer, mujeres (años)",SP.DYN.LE00.FE.IN,52.354,52.979,54.119,54.859,55.967,56.956,58.163,59.221,60.065,60.907,61.855,62.963,63.506,64.078,64.952,65.261,66.095,66.834,67.465,67.787,68.21,68.222,68.576,68.566,69.094,69.223,69.752,69.818,69.079,70.515,70.638,70.719,71.351,71.173,70.362,
Nepal,NPL,"Esperanza de vida al nacer, varones (años)",SP.DYN.LE00.MA.IN,52.53,53.099,54.08,54.751,55.412,56.421,57.053,57.873,58.564,59.063,59.706,60.186,60.764,61.199,61.779,61.362,62.376,62.886,63.525,64.015,64.503,64.664,64.985,65.093,65.559,65.736,66.191,66.357,65.835,67.031,67.174,67.231,67.755,67.345,66.574,
Níger,NER,"Esperanza de vida al nacer, total (años)",SP.DYN.LE00.IN,40.433,40.79,41.221,41.852,42.218,42.947,43.817,44.714,45.774,46.676,47.505,48.191,48.738,49.322,49.841,50.562,51.434,52.589,53.59,54.596,55.553,56.508,57.396,58.367,58.994,59.65,60.239,60.786,61.083,61.629,62.16,62.454,62.897,61.451,61.576,
Níger,NER,"Esperanza de vida al nacer, mujeres (años)",SP.DYN.LE00.FE.IN,40.45,40.809,41.311,42.039,42.514,43.325,44.255,45.219,46.154,47.079,47.917,48.668,49.15,49.686,50.197,50.915,51.63,53.007,54.042,55.11,56.133,57.118,58.006,59.041,59.692,60.252,60.952,61.544,62.095,62.599,63.145,63.295,63.939,62.454,62.794,
Níger,NER,"Esperanza de vida al nacer, varones (años)",SP.DYN.LE00.MA.IN,40.325,40.677,41.032,41.564,41.823,42.472,43.283,44.117,45.3,46.184,47.008,47.63,48.245,48.881,49.411,50.139,51.173,52.107,53.077,54.026,54.922,55.85,56.742,57.654,58.263,59.013,59.499,60.006,60.069,60.656,61.176,61.611,61.868,60.472,60.407,
Países Bajos,NLD,"Esperanza de vida al nacer, total (años)",SP.DYN.LE00.IN,76.7051,76.8902,76.7341,76.878,77.0,77.2171,76.9166,77.3751,77.4046,77.4356,77.7944,77.8829,77.8366,77.9878,78.1902,78.2927,78.4927,79.0951,79.3463,79.6976,80.0976,80.2512,80.5488,80.7024,81.2049,81.1049,81.3049,81.7073,81.5098,81.561,81.761,81.8122,82.1122,81.3585,81.461,
Países Bajos,NLD,"Esperanza de vida al nacer, mujeres (años)",SP.DYN.LE00.FE.IN,80.06,80.24,79.92,80.11,80.15,80.28,80.0,80.31,80.36,80.35,80.55,80.7,80.5,80.6,80.7,80.7,80.9,81.4,81.6,81.9,82.3,82.3,82.7,82.7,83.1,83.0,83.2,83.5,83.2,83.2,83.4,83.4,83.7,83.1,83.1,
Países Bajos,NLD,"Esperanza de vida al nacer, varones (años)",SP.DYN.LE00.MA.IN,73.51,73.7,73.7,73.8,74.0,74.3,73.98,74.58,74.59,74.66,75.17,75.2,75.3,75.5,75.8,76.0,76.2,76.9,77.2,77.6,78.0,78.3,78.5,78.8,79.4,79.3,79.5,80.0,79.9,80.0,80.2,80.3,80.6,79.7,79.9,
Nueva Zelandia,NZL,"Esperanza de vida al nacer, total (años)",SP.DYN.LE00.IN,74.178,74.4244,74.8244,75.378,76.0317,76.1244,76.4341,76.8829,76.7341,76.7878,77.3341,78.0854,77.8902,78.6366,78.6927,78.8463,79.1463,79.5488,79.8512,80.0488,80.1512,80.3512,80.7024,80.9049,81.1561,81.4073,81.4049,81.4568,81.6124,81.6585,81.8585,81.7073,82.0561,82.2561,82.2073,
Nueva Zelandia,NZL,"Esperanza de vida al nacer, mujeres (años)",SP.DYN.LE00.FE.IN,77.2,77.6,78.0,78.4,78.9,79.3,79.2,79.7,79.5,79.4,80.1,80.8,80.4,81.3,81.1,81.1,81.4,81.7,81.9,82.2,82.2,82.4,82.7,82.8,83.0,83.2,83.3,83.27,83.4,83.4,83.6,83.5,83.9,84.1,84.0,
Nueva Zelandia,NZL,"Esperanza de vida al nacer, varones (años)",SP.DYN.LE00.MA.IN,71.3,71.4,71.8,72.5,73.3,73.1,73.8,74.2,74.1,74.3,74.7,75.5,75.5,76.1,76.4,76.7,77.0,77.5,77.9,78.0,78.2,78.4,78.8,79.1,79.4,79.7,79.6,79.73,79.91,80.0,80.2,80.0,80.3,80.5,80.5,
Reino Unido,GBR,"Esperanza de vida al nacer, total (años)",SP.DYN.LE00.IN,75.2805,75.3805,75.5829,75.8805,76.0829,76.4341,76.3854,76.8854,76.8366,77.0878,77.211,77.1902,77.3902,77.7415,77.9927,78.1439,78.4463,78.7463,79.0488,79.2488,79.4488,79.6,80.0512,80.4024,80.9512,80.9049,81.0049,81.3049,80.9561,81.1561,81.2561,81.2561,81.4049,80.3512,80.7,
Reino Unido,GBR,"Esperanza de vida al nacer, mujeres (años)",SP.DYN.LE00.FE.IN,78.2,78.3,78.4,78.8,78.9,79.2,79.1,79.6,79.5,79.7,79.9,79.7,79.9,80.2,80.4,80.5,80.7,81.0,81.2,81.4,81.6,81.7,82.1,82.4,83.0,82.8,82.9,83.2,82.8,83.0,83.1,83.1,83.3,82.4,82.8,
Reino Unido,GBR,"Esperanza de vida al nacer, varones (años)",SP.DYN.LE00.MA.IN,72.5,72.6,72.9,73.1,73.4,73.8,73.8,74.3,74.3,74.6,74.65,74.8,75.0,75.4,75.7,75.9,76.3,76.6,77.0,77.2,77.4,77.6,78.1,78.5,79.0,79.1,79.2,79.5,79.2,79.4,79.5,79.5,79.6,78.4,78.7,
Rwanda,RWA,"Esperanza de vida al nacer, total (años)",SP.DYN.LE00.IN,51.477,50.976,50.22,48.431,46.519,44.319,42.166,14.098,39.969,40.698,40.64,41.681,44.616,47.129,49.021,51.032,53.368,55.491,57.316,58.714,59.965,61.134,61.958,62.54,63.261,64.009,64.426,64.94,65.298,65.737,65.941,66.251,66.437,66.774,66.072,
Rwanda,RWA,"Esperanza de vida al nacer, mujeres (años)",SP.DYN.LE00.FE.IN,53.483,52.678,51.744,50.473,48.741,46.711,44.668,15.663,41.756,42.153,42.451,43.651,45.794,48.281,50.11,51.87,54.007,56.236,58.206,59.802,61.158,62.523,63.403,64.181,65.09,65.873,66.089,66.906,67.16,67.924,68.104,68.266,68.48,68.996,68.164,
Rwanda,RWA,"Esperanza de vida al nacer, varones (años)",SP.DYN.LE00.MA.IN,49.589,49.355,48.763,46.517,44.454,42.12,39.888,13.071,38.147,39.2,38.784,39.662,43.38,45.902,47.849,50.124,52.672,54.666,56.316,57.491,58.628,59.582,60.349,60.738,61.247,61.946,62.571,62.764,63.219,63.33,63.556,64.013,64.18,64.358,63.798,
Samoa,WSM,"Esperanza de vida al nacer, total (años)",SP.DYN.LE00.IN,66.883,67.188,67.471,67.658,67.881,68.385,68.701,68.98,69.298,69.588,69.875,70.171,70.456,70.746,71.019,71.276,71.496,71.696,71.754,72.021,72.1,72.155,70.066,72.249,72.26,72.167,72.391,72.463,72.515,72.54,72.59,72.636,72.157,72.768,72.767,
Samoa,WSM,"Esperanza de vida al nacer, mujeres (años)",SP.DYN.LE00.FE.IN,70.491,70.747,70.985,71.049,71.2,71.719,72.006,72.273,72.536,72.797,73.057,73.315,73.569,73.828,74.071,74.309,74.497,74.694,74.686,74.964,75.014,75.042,72.494,75.048,74.983,74.848,75.099,75.142,75.188,75.215,75.27,75.314,74.805,75.459,75.503,
Samoa,WSM,"Esperanza de vida al nacer, varones (años)",SP.DYN.LE00.MA.IN,64.051,64.363,64.648,64.894,65.141,65.605,65.929,66.204,66.552,66.85,67.146,67.461,67.76,68.063,68.349,68.615,68.845,69.036,69.136,69.385,69.481,69.55,67.844,69.702,69.77,69.709,69.916,70.015,70.077,70.107,70.158,70.211,69.767,70.341,70.312,
Sierra Leona,SLE,"Esperanza de vida al nacer, total (años)",SP.DYN.LE00.IN,44.047,44.047,44.021,44.057,43.506,43.621,43.594,42.925,42.716,43.68,43.715,42.789,42.071,45.05,45.661,46.359,46.963,47.577,48.237,49.323,50.365,51.526,52.626,53.693,54.62,55.451,56.313,56.393,57.189,58.404,58.652,59.796,60.255,59.763,60.062,
Sierra Leona,SLE,"Esperanza de vida al nacer, mujeres (años)",SP.DYN.LE00.FE.IN,45.2,45.186,45.096,45.105,44.715,44.896,44.833,44.276,44.282,44.776,44.857,44.685,45.379,45.98,46.602,47.127,47.71,48.235,48.848,49.865,51.037,52.251,53.363,54.49,55.441,56.321,57.26,57.337,58.202,59.556,59.794,61.168,61.554,61.116,61.354,
Sierra Leona,SLE,"Esperanza de vida al nacer, varones (años)",SP.DYN.LE00.MA.IN,42.885,42.901,42.935,42.996,42.297,42.352,42.358,41.588,41.187,42.577,42.569,40.975,39.117,44.097,44.695,45.557,46.181,46.881,47.587,48.739,49.656,50.765,51.852,52.863,53.766,54.55,55.338,55.422,56.151,57.235,57.491,58.419,58.941,58.404,58.758,
Sudáfrica,ZAF,"Esperanza de vida al nacer, total (años)",SP.DYN.LE00.IN,63.041,63.345,63.31,63.375,63.265,63.341,63.045,62.612,62.262,61.459,60.805,60.001,59.241,58.47,57.261,55.666,54.331,54.043,53.98,54.278,54.992,56.022,57.447,58.899,60.651,61.846,62.533,63.38,63.95,64.747,65.402,65.674,66.175,65.252,62.341,
Sudáfrica,ZAF,"Esperanza de vida al nacer, mujeres (años)",SP.DYN.LE00.FE.IN,65.968,66.475,66.356,66.712,66.945,67.067,66.832,66.189,65.749,64.721,63.828,62.883,62.008,61.049,59.47,57.668,56.232,55.721,55.431,55.892,56.852,58.111,59.722,61.266,63.111,64.449,65.267,66.259,66.781,67.794,68.43,68.74,69.107,67.964,64.999,
Sudáfrica,ZAF,"Esperanza de vida al nacer, varones (años)",SP.DYN.LE00.MA.IN,60.011,60.115,60.143,59.93,59.506,59.534,59.103,58.777,58.441,57.762,57.276,56.624,55.991,55.397,54.565,53.191,51.97,51.891,52.064,52.209,52.691,53.488,54.728,56.067,57.731,58.775,59.352,60.062,60.709,61.307,61.954,62.203,62.834,62.178,59.458,
Singapur,SGP,"Esperanza de vida al nacer, total (años)",SP.DYN.LE00.IN,74.5488,74.6976,74.9463,75.2951,75.6463,75.9463,76.0463,76.1976,76.2951,76.5951,76.8976,77.3,77.5512,77.9512,78.2512,78.5512,79.039,79.4902,79.9902,80.1415,80.4415,80.7902,81.2415,81.5415,81.7439,81.9951,82.2463,82.4951,82.7439,82.8463,83.0951,83.2976,83.5951,84.4659,83.4415,
Singapur,SGP,"Esperanza de vida al nacer, mujeres (años)",SP.DYN.LE00.FE.IN,76.7,76.9,77.2,77.6,77.9,78.2,78.3,78.4,78.6,78.9,79.1,79.4,79.6,80.0,80.3,80.6,81.6,82.0,82.5,82.6,82.9,83.3,83.7,84.0,84.1,84.3,84.5,84.8,85.1,85.1,85.4,85.5,85.9,85.9,85.9,
Singapur,SGP,"Esperanza de vida al nacer, varones (años)",SP.DYN.LE00.MA.IN,72.5,72.6,72.8,73.1,73.5,73.8,73.9,74.1,74.1,74.4,74.8,75.3,75.6,76.0,76.3,76.6,76.6,77.1,77.6,77.8,78.1,78.4,78.9,79.2,79.5,79.8,80.1,80.3,80.5,80.7,80.9,81.2,81.4,83.1,81.1,
Suiza,CHE,"Esperanza de vida al nacer, total (años)",SP.DYN.LE00.IN,77.1976,77.2266,77.4212,77.2424,77.5146,77.8061,78.0854,78.35,78.4171,78.8961,79.0795,79.3244,79.5805,79.6805,80.1805,80.3854,80.5366,81.0878,81.2366,81.4902,81.7415,81.9927,82.0439,82.2463,82.6951,82.6976,82.7976,83.1976,82.8976,83.6024,83.5512,83.7537,83.9049,83.0,83.8512,
Suiza,CHE,"Esperanza de vida al nacer, mujeres (años)",SP.DYN.LE00.FE.IN,80.66,80.73,80.94,80.71,81.1,81.33,81.43,81.71,81.69,82.0,82.04,82.5,82.5,82.6,83.1,83.1,83.2,83.7,83.9,84.0,84.2,84.4,84.4,84.5,85.0,84.9,85.0,85.4,85.1,85.6,85.6,85.7,85.8,85.1,85.9,
Suiza,CHE,"Esperanza de vida al nacer, varones (años)",SP.DYN.LE00.MA.IN,73.9,73.89,74.07,73.94,74.1,74.45,74.9,75.15,75.3,75.94,76.26,76.3,76.8,76.9,77.4,77.8,78.0,78.6,78.7,79.1,79.4,79.7,79.8,80.1,80.5,80.6,80.7,81.1,80.8,81.7,81.6,81.9,82.1,81.0,81.9,
Venezuela,VEN,"Esperanza de vida al nacer, total (años)",SP.DYN.LE00.IN,71.047,71.252,71.348,71.532,71.832,71.806,71.925,71.853,72.143,72.111,72.703,72.668,72.254,72.478,71.201,72.662,71.94,72.514,72.782,72.742,73.058,72.436,72.579,72.89,72.913,73.036,73.196,72.853,73.006,72.058,71.943,71.979,72.161,71.095,70.554,
Venezuela,VEN,"Esperanza de vida al nacer, mujeres (años)",SP.DYN.LE00.FE.IN,73.336,73.638,73.912,73.857,74.393,74.347,74.671,74.729,74.929,74.832,75.533,75.775,75.376,76.145,75.226,76.378,75.88,76.319,76.674,76.886,77.287,76.91,76.959,77.139,77.1,77.416,77.323,77.075,77.218,76.742,76.228,76.431,76.566,75.814,75.207,
Venezuela,VEN,"Esperanza de vida al nacer, varones (años)",SP.DYN.LE00.MA.IN,68.85,68.967,68.906,69.293,69.385,69.373,69.314,69.126,69.484,69.504,69.994,69.725,69.295,69.073,67.526,69.188,68.292,68.95,69.138,68.894,69.129,68.325,68.523,68.918,68.983,68.949,69.297,68.887,69.041,67.757,67.935,67.832,68.034,66.739,66.259,
Colombia,COL,"Esperanza de vida al nacer, total (años)",SP.DYN.LE00.IN,68.268,68.391,68.533,68.644,68.813,69.038,69.342,69.613,69.933,70.189,70.492,70.738,70.926,71.32,71.502,71.939,72.361,72.695,73.081,73.468,73.837,74.295,74.742,75.033,75.32,75.597,75.827,76.043,76.257,76.471,76.646,76.748,76.752,74.769,72.83,
Colombia,COL,"Esperanza de vida al nacer, mujeres (años)",SP.DYN.LE00.FE.IN,71.992,72.44,72.781,73.067,73.296,73.533,73.757,73.969,74.24,74.5,74.798,75.053,75.195,75.542,75.66,75.981,76.252,76.495,76.766,77.075,77.391,77.731,78.054,78.301,78.548,78.787,78.972,79.139,79.292,79.44,79.535,79.66,79.721,78.136,76.442,
Colombia,COL,"Esperanza de vida al nacer, varones (años)",SP.DYN.LE00.MA.IN,64.756,64.605,64.576,64.539,64.652,64.86,65.221,65.533,65.885,66.13,66.431,66.662,66.884,67.312,67.545,68.076,68.622,69.032,69.513,69.961,70.374,70.933,71.487,71.817,72.141,72.455,72.725,72.985,73.252,73.519,73.759,73.842,73.8,71.537,69.404,
Japón,JPN,"Esperanza de vida al nacer, total (años)",SP.DYN.LE00.IN,78.4295,78.3498,78.7685,78.8371,79.0368,79.0802,79.3037,79.6968,79.5361,80.2198,80.4241,80.5015,80.461,81.0761,81.4163,81.6907,81.76,82.0302,81.9551,82.322,82.5071,82.5876,82.9315,82.8427,82.5912,83.0961,83.332,83.5878,83.7939,83.9849,84.0998,84.211,84.3563,84.56,84.4456,
Japón,JPN,"Esperanza de vida al nacer, mujeres (años)",SP.DYN.LE00.FE.IN,81.39,81.3,81.77,81.9,82.11,82.22,82.51,82.98,82.85,83.59,83.82,84.01,83.99,84.6,84.93,85.23,85.33,85.59,85.52,85.81,85.99,86.05,86.44,86.3,85.9,86.41,86.61,86.83,86.99,87.14,87.26,87.32,87.45,87.71,87.57,
Japón,JPN,"Esperanza de vida al nacer, varones (años)",SP.DYN.LE00.MA.IN,75.61,75.54,75.91,75.92,76.11,76.09,76.25,76.57,76.38,77.01,77.19,77.16,77.1,77.72,78.07,78.32,78.36,78.64,78.56,79.0,79.19,79.29,79.59,79.55,79.44,79.94,80.21,80.5,80.75,80.98,81.09,81.25,81.41,81.56,81.47,
Kenya,KEN,"Esperanza de vida al nacer, total (años)",SP.DYN.LE00.IN,60.044,59.539,59.04,58.614,58.005,57.259,56.617,56.273,55.617,55.161,54.816,54.526,54.495,54.411,54.508,54.99,55.601,56.361,57.344,58.222,58.865,59.614,60.365,60.649,61.046,61.115,61.389,61.816,61.892,62.163,62.481,62.676,62.943,62.675,61.427,
Kenya,KEN,"Esperanza de vida al nacer, mujeres (años)",SP.DYN.LE00.FE.IN,61.617,61.214,60.699,60.444,59.934,59.35,58.605,58.195,57.425,56.955,56.534,56.082,55.924,55.597,55.614,56.056,56.669,57.44,58.523,59.595,60.211,61.225,62.2,62.376,63.001,63.069,63.194,63.979,64.145,64.204,64.961,65.158,65.275,65.062,64.09,
Kenya,KEN,"Esperanza de vida al nacer, varones (años)",SP.DYN.LE00.MA.IN,58.437,57.826,57.337,56.744,56.038,55.138,54.593,54.311,53.767,53.326,53.053,52.919,53.009,53.162,53.341,53.86,54.471,55.225,56.107,56.805,57.473,57.973,58.521,58.902,59.095,59.169,59.576,59.689,59.693,60.149,60.093,60.288,60.678,60.372,58.935,
Noruega,NOR,"Esperanza de vida al nacer, total (años)",SP.DYN.LE00.IN,76.0817,76.2205,76.5005,76.5373,76.9807,77.1844,77.1517,77.6898,77.7366,78.1505,78.1427,78.3293,78.2829,78.6341,78.7854,78.9878,79.3902,79.8415,80.0415,80.3439,80.3951,80.5927,80.7951,80.9976,81.2951,81.4512,81.7512,82.1,82.3049,82.4073,82.6098,82.7585,82.9585,83.2098,83.1634,
Noruega,NOR,"Esperanza de vida al nacer, mujeres (años)",SP.DYN.LE00.FE.IN,79.58,79.56,79.84,79.8,80.1,80.36,80.23,80.64,80.82,81.07,80.97,81.3,81.1,81.4,81.5,81.6,81.9,82.3,82.5,82.7,82.7,83.0,83.1,83.2,83.6,83.5,83.8,84.2,84.2,84.2,84.3,84.5,84.7,84.9,84.7,
Noruega,NOR,"Esperanza de vida al nacer, varones (años)",SP.DYN.LE00.MA.IN,72.75,73.04,73.32,73.43,74.01,74.16,74.22,74.88,74.8,75.37,75.45,75.5,75.6,76.0,76.2,76.5,77.0,77.5,77.7,78.1,78.2,78.3,78.6,78.9,79.1,79.5,79.8,80.1,80.5,80.7,81.0,81.1,81.3,81.6,81.7,
