Pais,Año,Continente,GDP per capita (current US$),"Inflation, GDP deflator (annual %)","Inflation, consumer prices (annual %)","Life expectancy at birth, total (years)",Population growth (annual %),ratio_population ages 65 and above,ratio_urban population,Urban population growth (annual %),Cluster
Afghanistan,2017,Asia,0.0,0.0,0.0,63.016,2.86649214750073,0.023998175483619443,0.2524999987374948,3.7815566165204,0
Afghanistan,2018,Asia,0.0,0.0,0.0,63.081,2.88520797304849,0.024070929738621953,0.25495001142645807,3.85083283346822,0
Afghanistan,2019,Asia,0.0,0.0,0.0,63.565,2.90852909268743,0.02417755130932502,0.2575400060244379,3.9192869845162,0
Afghanistan,2020,Asia,0.0,0.0,0.0,62.575,3.13474690779163,0.0241695176283215,0.2602600107820363,4.18535706165902,0
Afghanistan,2021,Asia,0.0,0.0,0.0,61.982,2.85135765449931,0.024040571915902514,0.2631399892597063,3.95185728902399,0
Algeria,2017,Africa,4134.93609898195,6.39065471249698,5.59111590961673,75.743,1.95700247075081,0.05499513741382176,0.7205199969875935,2.78342462531066,1
Algeria,2018,Africa,4171.79530903532,6.75734087886528,4.26999020467078,76.066,1.9033254281097,0.0567040714353877,0.7262900020504683,2.70094718319082,1
Algeria,2019,Africa,4021.98360796603,-0.472181732777585,1.95176821052894,76.474,1.83944488568624,0.05855036771958036,0.7318900050223195,2.60752982388108,1
Algeria,2020,Africa,3354.15730265114,-5.02587618904937,2.41513094083414,74.453,1.73245672803153,0.06017470078132332,0.7373300024905834,2.47298875191541,1
Algeria,2021,Africa,3700.31119460857,15.567230644726,7.22606307415476,76.377,1.65770320084269,0.06181999901353546,0.7426100099803139,2.37124967540079,1
Argentina,2017,Sudamérica,14613.035714704,26.0063792819079,0.0,76.833,1.03713389686514,0.11330447075820123,0.9174900080738229,1.17019595911431,3
Argentina,2018,Sudamérica,11795.1628852236,42.0336689575031,0.0,76.999,1.01580834908002,0.11459755185033872,0.9187000002831811,1.14760215897919,3
Argentina,2019,Sudamérica,9963.67423069626,49.1955790596612,0.0,77.284,0.993397493293046,0.1160059727568516,0.9199100098819032,1.12501972603644,3
Argentina,2020,Sudamérica,8496.428156755,40.0768830264559,0.0,75.892,0.970053991438048,0.11727453983440819,0.9211099963212449,1.10041505272326,3
Argentina,2021,Sudamérica,10636.1155301986,54.1524119419346,0.0,75.39,0.947490959333989,0.11821908160902109,0.9222899940921764,1.07551503856124,3
Australia,2017,Oceania,53934.1543741253,3.74325877767707,1.94864740944522,82.5,1.65339053503068,0.15418499856185616,0.8590399883679901,1.77452889208332,2
Australia,2018,Oceania,57206.9906696898,1.82915392037633,1.91140094445692,82.7487804878049,1.50299298221362,0.1566882259661421,0.8601200009148207,1.62863721493696,2
Australia,2019,Oceania,54941.0657202842,3.39772301032441,1.61076787290379,82.9,1.48520844681971,0.1593194328209581,0.861239980699455,1.61533578272113,2
Australia,2020,Oceania,51722.0690001531,1.73972809592115,0.846905537459293,83.2,1.23570107988933,0.16233592223420285,0.8624100083222606,1.3714627263914,2
Australia,2021,Oceania,60444.5023551978,2.80089983637042,2.86391042204995,83.3,0.127728295728263,0.1656915645580193,0.863620008331491,0.267934456197247,2
Austria,2017,Europa,47429.1584564391,1.0055341594591,2.08126911385587,81.6439024390244,0.694621103604983,0.18596905098523842,0.5809400009047957,1.02047862584527,2
Austria,2018,Europa,51466.5565633624,1.83806444755734,1.99837981429546,81.6926829268293,0.487071924768999,0.18750512554633375,0.5829700534617813,0.835905515118155,2
Austria,2019,Europa,50070.4033482892,1.54667159135312,1.53089564152645,81.8951219512195,0.444673639004876,0.18930114235263382,0.5851499788286381,0.81791060733558,2
Austria,2020,Europa,48809.2268762235,2.55860215225682,1.38191063351859,81.1926829268293,0.415176731565556,0.19149434150840475,0.5874799705367268,0.812573160966703,2
Austria,2021,Europa,53637.7057109897,1.94340746030799,2.76666666666665,81.2390243902439,0.435671684056384,0.19441161964702863,0.589949950853062,0.85522683458329,2
Brazil,2017,Sudamérica,9896.7175109967,3.67138451275035,3.44637335032672,74.827,0.79226340042227,0.08428128040695052,0.8630900003529892,1.10209658803347,1
Brazil,2018,Sudamérica,9121.02009249958,4.49353433137021,3.66485028376724,75.109,0.793768153848091,0.08705594369632258,0.8656899998644885,1.09455847667219,1
Brazil,2019,Sudamérica,8845.3239312417,4.22425886899158,3.73297621216894,75.338,0.766107802084815,0.0899540896785811,0.8682400000249312,1.06023755345792,1
Brazil,2020,Sudamérica,6923.70019715065,6.47249960755747,3.21176803803379,74.009,0.665176682246802,0.09290755340674199,0.870730001022907,0.951553410794994,1
Brazil,2021,Sudamérica,7696.78553127562,11.3840669684878,8.30165975585676,72.75,0.528590452919416,0.09581065122395219,0.8731699993612074,0.808423004096535,1
Burkina Faso,2017,Africa,711.184543938412,1.41629727998107,1.48299897161327,59.536,2.86565542084027,0.025691603559573777,0.28743001689163133,5.007199056703,0
Burkina Faso,2018,Africa,779.202768060739,1.07396688968345,1.95594302672532,60.047,2.76868116258088,0.025638802625819024,0.29358001871549966,4.88576388054275,0
Burkina Faso,2019,Africa,772.166877547544,1.61709395420242,-3.23338933983321,60.039,2.70387556725288,0.02565269476053878,0.29979998223528004,4.80040438074702,0
Burkina Faso,2020,Africa,833.244336106076,6.83501464966376,1.88443993781985,59.731,2.68878766730686,0.02561411418848239,0.30606999350358083,4.75861629956921,0
Burkina Faso,2021,Africa,893.077195986297,-0.816610098684606,3.65353287214207,59.27,2.65037591522147,0.02547206346518793,0.3123999832946339,4.69743109075788,0
Cambodia,2017,Asia,1400.89926526097,3.34104215913938,2.9126355737148,70.515,1.3104826630319,0.04566143646685245,0.22979997901544272,3.05757539541515,4
Cambodia,2018,Asia,1533.31598456036,3.11182136783394,2.45908515380133,70.561,1.22144565921597,0.047773580648225004,0.23388002100187216,2.98134355992261,4
Cambodia,2019,Asia,1671.38540009767,3.23537176925623,1.94257500833109,70.692,1.13244216195679,0.050157375368542916,0.23805000399191842,2.89969209242329,4
Cambodia,2020,Asia,1577.91173993243,-0.67185654432032,2.94029514263973,70.416,1.16005769739725,0.05272588776143725,0.2423199929742646,2.93789622895568,4
Cambodia,2021,Asia,1625.2350215138,1.29194500388832,2.9207347759295,69.584,1.16513584860257,0.055321883633532846,0.24667998832722096,2.94841235644415,4
Canada,2017,América del Norte,45129.4292980922,2.5649968397985,1.5968841285297,81.8329268292683,1.19952071057872,0.1677768888946291,0.813499986701413,1.26100055193218,2
Canada,2018,América del Norte,46547.7951820036,1.61741439035406,2.268225672481,81.8439024390244,1.41245586917998,0.17158115708034008,0.8141100125390246,1.48741557899505,2
Canada,2019,América del Norte,46374.1527517191,1.56621123239672,1.94926902411596,82.2287804878049,1.43613682316886,0.17560662244293604,0.8148199939204116,1.52330833127913,2
Canada,2020,América del Norte,43349.677855557,0.615457490563671,0.716999632307852,81.6704878048781,1.0737958268224,0.18018425788442105,0.8156200070270959,1.17193046169682,2
Canada,2021,América del Norte,52358.6216405155,8.15333924257004,3.39519318527532,82.5966097560976,0.575421916470359,0.18521283325508917,0.8165299892237055,0.686929105514026,2
Chad,2017,Africa,662.89747343383,0.0282519135155042,-1.53709962980847,52.308,3.32459491646661,0.020271400734620523,0.22857997582375683,4.11956629350938,0
Chad,2018,Africa,720.265100910693,5.01465777807508,4.27462198610544,52.825,3.37812774879537,0.020297791429364255,0.23059001384882669,4.25364266040628,0
Chad,2019,Africa,701.621200811434,2.85603411987745,-0.971939175419353,53.259,3.29458272753979,0.02034970712846501,0.2327899915581862,4.24412488015106,0
Chad,2020,Africa,643.772216240999,-5.45489640763718,4.46414437232863,52.777,3.16053305963688,0.020326348908280178,0.2352000195137179,4.19049062427543,0
Chad,2021,Africa,685.690314996613,7.1999883084863,-0.772844370359128,52.525,3.16388750517031,0.020203274321962963,0.23781000178116782,4.26746190677989,0
China,2017,Asia,8817.04549566316,4.23268197526643,1.59313600071434,77.248,0.605245013482969,0.10946355683043084,0.5796,2.739663820353,1
China,2018,Asia,9905.4061175104,3.4997476356901,2.07479039965578,77.744,0.467672053461959,0.1148005332344806,0.591519999857424,2.50340050353808,1
China,2019,Asia,10143.8602060373,1.28670040757089,2.89923416358227,77.968,0.354740890170827,0.12022115795119144,0.6030800002841423,2.29017723362897,1
China,2020,Asia,10408.7191247747,0.492493696910714,2.4194218945778,78.077,0.238040870229883,0.12598261923322232,0.61428,2.07814005779212,1
China,2021,Asia,12617.5049863004,4.55328427986601,0.981015135544851,78.211,0.0892522000412526,0.13149753249879634,0.6251199998583931,1.83853028231533,1
Colombia,2017,Sudamérica,6449.97098726073,5.13373589963346,4.31431325695007,76.646,1.51228960592288,0.076715673383863,0.8044599947745342,1.93333180225659,1
Colombia,2018,Sudamérica,6782.0379203319,4.63057967327826,3.24056932930567,76.748,1.89558675057496,0.0793059052484994,0.8077800089985258,2.30743844872299,1
Colombia,2019,Sudamérica,6436.50921529531,4.00262054293638,3.52301932741443,76.752,1.83074694246543,0.0820401835472429,0.8110400047374435,2.23350946308688,1
Colombia,2020,Sudamérica,5304.28912886637,1.48021450852424,2.52663500084712,74.769,1.47010203160178,0.08472310844889469,0.8142500091595118,1.86510951561423,1
Colombia,2021,Sudamérica,6182.70709867969,7.66762201531684,3.49505757399453,72.83,1.14382091580962,0.08719706489730429,0.8174000042937648,1.52993301358678,1
Costa Rica,2017,América del Norte,12118.1336180615,2.8588837280198,1.62590692991729,79.377,0.978713315995535,0.09272660208312558,0.7855999448921291,2.03441484263971,1
Costa Rica,2018,América del Norte,12383.1499469519,2.19247842793764,2.22111461526584,79.484,0.934615300864476,0.09572355930703742,0.7933999294547183,1.92258852809582,1
Costa Rica,2019,América del Norte,12669.3411617396,2.56679211746589,2.09604635327805,79.427,0.865128346659953,0.09885491919413625,0.8007600306183539,1.7885179241658,1
Costa Rica,2020,América del Norte,12179.2566742377,0.772593247062218,0.724911478131358,79.277,0.755771068349343,0.10218334389008228,0.8077099727606598,1.61994452252788,1
Costa Rica,2021,América del Norte,12537.2567461753,1.97803512335035,1.72647755109235,77.023,0.600406861056438,0.10530277998050817,0.8142499054609885,1.406834717935,1
Cuba,2017,América del Norte,8543.36096849045,4.11518630041306,0.0,77.529,-0.0494478967755684,0.14686666540230348,0.7697699579364005,0.0116205551936975,3
Cuba,2018,América del Norte,8831.90722233737,1.03134192884301,0.0,77.496,-0.0720152370566522,0.14988598409426915,0.7703699708445545,0.0059014414603091,3
Cuba,2019,América del Norte,9139.41585605765,3.54699869857453,0.0,77.611,-0.101983052203958,0.15286350778853583,0.7710900097440092,-0.0085600686828805,3
Cuba,2020,América del Norte,9499.59020230432,16.5547556871819,0.0,77.567,-0.141475202325743,0.15551809277621612,0.7719400164485415,-0.0313014822965019,3
Cuba,2021,América del Norte,4511.120602520508,401.588278054162,0.0,73.683,-0.393012541562472,0.15670342096014594,0.7729199958921045,-0.266142848880682,3
Denmark,2017,Europa,57610.0981801135,1.18466161152733,1.14713216957606,81.1024390243903,0.643350903737356,0.1930034449382305,0.8775699135122759,0.7744611852936,2
Denmark,2018,Europa,61591.9288698958,0.747856838144173,0.813609467455633,80.9536585365854,0.495838925879129,0.1955499102808668,0.8787400520156945,0.629088602704045,2
Denmark,2019,Europa,59592.9806886454,1.04879424424314,0.758131572511619,81.4512195121951,0.358130915892652,0.1980257022968061,0.8799399149218959,0.494581334948344,2
Denmark,2020,Europa,60915.4243995462,2.60762107978847,0.420711974110026,81.6024390243903,0.291641177476633,0.20046921804766057,0.8811600088074845,0.430201637829091,2
Denmark,2021,Europa,68007.7566732954,2.76660819348507,1.85304543989687,81.4048780487805,0.433414489409722,0.2026872319431328,0.8823999659878639,0.574034304150868,2
Ecuador,2017,Sudamérica,6246.40425217932,1.94639824444045,0.417335588666803,76.972,1.55335626648726,0.07044414834235535,0.6366999853386345,1.76718316617636,1
Ecuador,2018,Sudamérica,6321.34940071717,1.81887357109554,-0.224103246005465,77.094,1.89090930713133,0.07224833670982844,0.6382099984061752,2.12779093687571,1
Ecuador,2019,Sudamérica,6233.25816692363,0.495450027557041,0.266012515466136,77.297,1.90968326333656,0.07409860848928777,0.6398599725318761,2.16788118361711,1
Ecuador,2020,Sudamérica,5645.19928965332,-0.399099295795224,-0.338872392562274,72.153,1.40190462603926,0.07544155744105768,0.6416600075219198,1.68282668762884,1
Ecuador,2021,Sudamérica,5965.13287054416,2.57933093464713,0.133251386096455,73.67,1.18206337539033,0.07642072697219877,0.6436100274995635,1.48550489674713,1
Egypt,2017,Africa,2439.96728439968,29.5184798346032,29.5066083940039,71.302,1.98976849465685,0.044658782006996287,0.4270499971382085,1.92656265146592,4
Egypt,2018,Africa,2531.20007864537,21.1748208164537,14.4014657807421,71.367,1.89893076814734,0.04542725321140634,0.4270399972469839,1.89658912000937,4
Egypt,2019,Africa,3017.25833578941,13.6180959109963,9.15279959324812,71.358,1.79400212546566,0.046276448602539225,0.42729999887993286,1.85486820738962,4
Egypt,2020,Africa,3571.5569065135,6.17693409847959,5.04493288977533,70.99,1.73312957205986,0.04708709524337447,0.427829997401762,1.85708700356092,4
Egypt,2021,Africa,3886.7224983901,4.84715643244111,5.21404940513043,70.221,1.65838367949689,0.04774545131253012,0.4286200024312164,1.84286736299705,4
Fiji,2017,Oceania,5825.19881260364,1.69845757051993,3.34757834757835,67.79,0.0705348376627642,0.04993476739871537,0.5574204668238633,0.984371515788986,1
Fiji,2018,Oceania,6073.39519537246,1.42571800764148,4.08147637644538,67.81,-0.0025026999236921,0.051570409446831104,0.5624801413716708,0.901096947630469,1
Fiji,2019,Oceania,5968.31955666383,2.24346808710931,1.7731018246027,67.893,-0.0577971466911964,0.053429363122165785,0.5675001224869756,0.830716449747723,1
Fiji,2020,Oceania,4864.10600771307,-1.21609609618226,-2.5952432588737,67.924,0.212846220439299,0.055393069700637315,0.5724700191868513,1.0847862837335,1
Fiji,2021,Oceania,4646.53792141919,-3.44657794910522,0.155855722131493,67.114,0.45397664568484,0.057184110057213314,0.577400201165897,1.31150162606102,1
Finland,2017,Europa,46412.1364777173,0.819262897258781,0.754015047084413,81.6317073170732,0.234670531705453,0.21143931590166976,0.8532500734357815,0.293287960802983,2
Finland,2018,Europa,49987.6261584959,2.00183627649704,1.08382098409299,81.7341463414634,0.132641040791912,0.21613282507104944,0.8538200805906963,0.199422968266274,2
Finland,2019,Europa,48629.8582283024,1.49655419230197,1.02409392963429,81.9829268292683,0.110191690491055,0.2205979564641157,0.8544599161910502,0.185101615266816,2
Finland,2020,Europa,49169.719338849,1.63467899810999,0.290554555653313,81.9317073170732,0.143641197212847,0.22490086432097553,0.8551699480409141,0.226703842004207,2
Finland,2021,Europa,53489.7520190898,2.16242780728525,2.19457432339993,81.9341463414634,0.207288594407348,0.22891501686423268,0.8559600160042823,0.299633189629648,2
Germany,2017,Europa,44652.5891722723,1.50373898915133,1.50949485109622,80.9926829268293,0.373724559895838,0.21310596288019254,0.772609996186409,0.421625391544917,2
Germany,2018,Europa,47939.2782884496,2.00749244131613,1.73216879766946,80.8926829268293,0.300526701992065,0.21499125356540272,0.7731199978307907,0.366515155973305,2
Germany,2019,Europa,46793.6867615995,2.12438467511859,1.44565976888251,81.2926829268293,0.22551987421288,0.2173029046671847,0.7737599966649402,0.30826693577482,2
Germany,2020,Europa,46772.8253507537,1.8108102219645,0.144877925813972,81.0414634146342,0.0816931586494595,0.2196373460302021,0.7745299950020966,0.181157523178267,2
Germany,2021,Europa,51203.5544731043,3.05760069776311,3.06666666666666,80.9009756097561,0.0423270572552137,0.22170265045426782,0.7754400033136177,0.15974977086524,2
Greece,2017,Europa,18582.0893411633,0.285406259345564,1.12125452031427,81.2878048780488,-0.197783224759792,0.21372557935016007,0.7872399538842582,0.231212226024939,2
Greece,2018,Europa,19756.9904562547,-0.165244042297104,0.625621413453588,81.7878048780488,-0.202880238259165,0.21618638870715245,0.7905800138303952,0.220496953517559,2
Greece,2019,Europa,19144.2843875557,0.224149497893734,0.25300752203812,81.6390243902439,-0.105339392724138,0.218804836823521,0.7938800449411291,0.311210821229905,2
Greece,2020,Europa,17658.9473011189,-0.860859160367283,-1.24798355581408,81.2878048780488,-0.214592106571664,0.22181418333372435,0.7971499819742753,0.196455024141376,2
Greece,2021,Europa,20192.5963039061,1.29219914889998,1.22382501019855,80.1829268292683,-0.537756534706951,0.22508140748134073,0.8003799563978607,-0.133384917339046,2
India,2017,Asia,1957.96981368095,3.96925793352338,3.32817337461301,70.467,1.15562449067646,0.06040795891477072,0.33599999964554605,2.407475136258,4
India,2018,Asia,1974.37773014516,3.88424027196663,3.93882646691634,70.71,1.08752772157855,0.06254069411283072,0.3402999999767714,2.35916997461045,4
India,2019,Asia,2050.16378973235,2.40551716106513,3.72950573539126,70.91,1.02531077187097,0.06472024952714424,0.3447200000896529,2.31580198477658,4
India,2020,Asia,1913.21972103493,4.74654893260742,6.62343677628532,70.15,0.95522085775158,0.06672320103678527,0.3492600000171729,2.26363455707273,4
India,2021,Asia,2238.12713873311,8.53852548128178,5.13140747176369,67.24,0.797216093898126,0.06802464594710725,0.3539300002848468,2.125468465055,4
Japan,2017,Asia,38834.0529341227,-0.0743495037290813,0.484199796126387,84.099756097561,-0.081874296046114,0.28463993636392276,0.9153499984248495,0.0033754407742315,2
Japan,2018,Asia,39751.1330982711,-0.0002375063876058,0.989094598021806,84.2109756097561,-0.126880068088791,0.2890165443060933,0.9161600018925803,-0.0384280781568938,2
Japan,2019,Asia,40415.9567649547,0.634803165696084,0.468776159383912,84.3563414634146,-0.140464977878172,0.29279813318803155,0.9169799973150758,-0.0510014914514158,2
Japan,2020,Asia,39986.9286287091,0.944197436071192,-0.0249958340276592,84.56,-0.294194617750067,0.2958317849533902,0.917819999841598,-0.202631222664941,2
Japan,2021,Asia,39827.1267678179,-0.227533440944995,-0.233352779398279,84.4456097560976,-0.459952415807642,0.2978708982468101,0.9186699996713122,-0.367384540062546,2
Kenya,2017,Africa,1675.98842952557,7.58193402820181,8.0057227913467,62.481,2.17570842690355,0.02625053942298151,0.26561999693675775,3.91117971395226,4
Kenya,2018,Africa,1845.78341285836,4.21502841459056,4.68981976129857,62.676,2.03273400450275,0.02697857583154059,0.27029999857466885,3.77930836146027,4
Kenya,2019,Africa,1970.0800629654,4.2752342393575,5.23585999425422,62.943,1.97845694844255,0.027578076777010272,0.27506999310127583,3.72777071252016,4
Kenya,2020,Africa,1936.25075166045,4.94885283291357,5.40481467184518,62.675,2.00970011079671,0.02803078072503673,0.27994999786480074,3.76824236257626,4
Kenya,2021,Africa,2069.66113651418,4.3307475585662,6.11090916378165,61.427,1.94276128252757,0.02843770473067249,0.2849300076025909,3.70601674052537,4
Mexico,2017,América del Norte,9434.37817948243,6.71270642990439,6.04145724018992,74.138,1.08042073770937,0.0742472003534896,0.798669998478825,1.44418554060996,1
Mexico,2018,América del Norte,9857.00748742213,4.94641112250018,4.89935015356549,74.015,0.951668643927897,0.07668200895704715,0.8015599965878007,1.31286687916841,1
Mexico,2019,América del Norte,10145.1526279593,4.12380780868217,3.6359614212705,74.202,0.860265089734684,0.07881907092991917,0.804440003350993,1.21892136003758,1
Mexico,2020,América del Norte,8654.99732516958,4.16727410061226,3.39683415569999,70.133,0.727243815691995,0.08021236667141753,0.8073099985109323,1.08337822735758,1
Mexico,2021,América del Norte,10045.676371041,5.16409565543347,5.68920847683764,70.213,0.559420832085433,0.08133638590094112,0.8101600031405198,0.911823977262318,1
Morocco,2017,Africa,3288.50268554688,-0.0608910142931904,0.754663249323633,73.66,1.1916294240897,0.06330772122303702,0.619079987778693,2.08075383299536,1
Morocco,2018,Africa,3492.67236328125,0.939181637531973,1.8039167114189,73.986,1.1178970270223,0.065947958376521,0.6245299876186803,1.99438319842915,1
Morocco,2019,Africa,3498.58251953125,0.816805456485284,0.303386036590361,74.27,1.04358412669917,0.06874118426610895,0.6299400061832712,1.90610808199994,1
Morocco,2020,Africa,3258.10498046875,0.14695044755959,0.705968661338317,73.92,1.05316017914606,0.07151275054940515,0.6353200101655079,1.90358401884694,1
Morocco,2021,Africa,3795.38696289063,3.24424627836875,1.4019588396201,74.042,1.05148431222073,0.07424923504279682,0.6406500124175409,1.88693234929498,1
Nepal,2017,Asia,1027.96547448918,8.26141255068219,3.62709610696609,68.91,1.14995372279388,0.057503051616222954,0.19335999108128302,3.20864276792533,4
Nepal,2018,Asia,1161.5343496196,4.35585846515745,4.0611633875107,68.979,1.1405493652354,0.058627526036675155,0.19740000179606823,3.20839394800645,4
Nepal,2019,Asia,1185.68231813605,4.69115593453498,5.56868547784925,69.558,1.13635160669166,0.05972243956957455,0.20153000281349212,3.20696476089714,4
Nepal,2020,Asia,1139.18989202387,3.21740233033769,5.05236655289216,69.246,1.77426805557613,0.06039798727211328,0.20575998325236816,3.85147725709416,4
Nepal,2021,Asia,1229.39420520705,6.76271216368889,4.08791045882441,68.45,2.31172371212952,0.06048718712698713,0.2100799837149932,4.3895210502418,4
Netherlands,2017,Europa,48675.2223350217,1.26070715808579,1.3814587140721,81.7609756097561,0.591203366164118,0.18606648323629454,0.9107699732699732,1.07768610579971,2
Netherlands,2018,Europa,53044.5324352244,2.43709074520527,1.70349794744475,81.8121951219512,0.583933408920832,0.18965612295161502,0.9149000117458459,1.03637503912155,2
Netherlands,2019,Europa,52476.2732533318,3.03273379248688,2.63369910249593,82.1121951219512,0.65507157480522,0.19319067985158037,0.9187599748490534,1.0760840670841,2
Netherlands,2020,Europa,52162.5701150397,1.92857201636885,1.2724603778917,81.3585365853659,0.55554079025497,0.196470601725769,0.9223600034400711,0.946610706564147,2
Netherlands,2021,Europa,57708.1112134322,2.41874760071983,2.67572008805381,81.4609756097561,0.523490508168757,0.19951424293465528,0.9257199719569517,0.887108129015578,2
New Zealand,2017,Oceania,42910.9728362488,3.51715584280765,1.85078767452532,81.8585365853659,2.08872272281936,0.14861704337709822,0.864659921887984,2.16508323721803,2
New Zealand,2018,Oceania,43236.8866923404,1.75240141778291,1.59829703801698,81.7073170731707,1.79124016759035,0.15037464800228542,0.8653799534750847,1.87447889970609,2
New Zealand,2019,Oceania,42796.4305818389,3.10008899782621,1.61963190184049,82.0560975609756,1.59115889619722,0.1526990279562982,0.866149983933162,1.68010110761429,2
New Zealand,2020,Oceania,41760.5947839997,2.01134373473306,1.71456170007244,82.2560975609756,2.20478869594563,0.15578405563632078,0.8669899021649444,2.30171316283647,2
New Zealand,2021,Oceania,49996.4206725811,4.80486674681298,3.94112060778728,82.2073170731707,0.415621677337565,0.1592825840278593,0.8678900105646202,0.519387762106515,2
Niger,2017,Africa,514.543268872382,0.372075773438809,2.7963731887128,62.16,3.82693398223338,0.024066099786354923,0.16349998863736837,4.19457258954785,0
Niger,2018,Africa,567.330849192284,2.17578786783204,2.96760366004454,62.454,3.78759649907003,0.024216352724079463,0.16425000989942976,4.24527617848314,0
Niger,2019,Africa,550.963543141805,0.406851113874922,-2.48979265070851,62.897,3.76544488542259,0.024363666129727894,0.1651699905384856,4.32399204685123,0
Niger,2020,Africa,564.821997328603,0.949190054478137,2.89819376026271,61.451,3.72710072523223,0.024356118704645862,0.166260007391414,4.38486905627171,0
Niger,2021,Africa,590.629481388087,3.11864066290167,3.83786802840503,61.576,3.70742378461307,0.024193510703519407,0.1675099816962306,4.45643069921083,0
Norway,2017,Europa,76131.8384032764,4.08094934122931,1.87510059552548,82.609756097561,0.807673181884948,0.16783596186294858,0.8187099106911393,1.28024610929856,2
Norway,2018,Europa,82792.8427113304,6.74292461940227,2.76483134528794,82.7585365853659,0.660090844249,0.17087280747662426,0.8224800618082063,1.11953281162056,2
Norway,2019,Europa,76430.5889473338,-0.548437016889537,2.16773003305405,82.9585365853659,0.675061373245644,0.17396374200246228,0.8261600449971354,1.12148861779611,2
Norway,2020,Europa,68340.0181033702,-2.51726059053333,1.28658490707998,83.209756097561,0.588757324043059,0.17729927176908528,0.829740076866237,1.0211550755444,2
Norway,2021,Europa,90655.3910229392,17.1026108623609,3.48388055266678,83.1634146341463,0.534772281874925,0.18098337376486598,0.8332299124312171,0.954484087915797,2
Russian Federation,2017,Asia,10720.33203125,5.34981508815954,3.68332944412231,72.4514634146342,0.106870569429971,0.14215910436567014,0.7429199976616774,0.27931225422418,1
Russian Federation,2018,Asia,11287.3544921875,9.99797671159203,2.87829723647886,72.6621951219512,-0.0130668924933287,0.14540353896024996,0.7443300014571783,0.176545374278621,1
Russian Federation,2019,Asia,11536.2587890625,3.26313281835351,4.47036660760175,73.0839024390244,-0.0495686654330689,0.14906999080877803,0.7458700007474053,0.15711497920048,1
Russian Federation,2020,Asia,10194.44140625,0.898246027085079,3.38165937237896,71.3387804878049,-0.230950388878624,0.15306070342508468,0.7475399977229621,-0.0073014681721345,1
Russian Federation,2021,Asia,12593.1572265625,18.9905167887065,6.69445891957619,69.3612195121951,-0.43395152847745,0.1559342024191044,0.749340000200489,-0.193450840695678,1
Rwanda,2017,Africa,756.547604942853,8.14285148734122,8.27953672260826,65.941,2.47880785239257,0.02984643352894797,0.17125003648713252,2.88256933269116,4
Rwanda,2018,Africa,768.964130260141,-0.639097415746434,-0.311210160390642,66.251,2.43503841544025,0.030131885199645575,0.17210996210602653,2.9359281057417,4
Rwanda,2019,Africa,806.128014394646,2.44442372223143,3.3478765503764,66.437,2.39079436618151,0.030543213462409277,0.173129969019156,2.98169349983544,4
Rwanda,2020,Africa,773.820557473379,6.72390205127719,9.85039902274209,66.774,2.3967070500013,0.031021053581211287,0.17432001339990486,3.08172595605391,4
Rwanda,2021,Africa,821.228194072436,2.72480507228737,-0.391346748300792,66.072,2.3717515483557,0.03143741799070086,0.17567996405853326,3.14887017139105,4
Samoa,2017,Oceania,4261.64051331162,0.304905422515247,1.74989677484723,72.59,1.00975265821375,0.04789770264412657,0.18452054134758947,-0.224221186365574,1
Samoa,2018,Oceania,4189.05221936817,1.09758340635358,4.19745888663745,72.636,0.992505709183727,0.04852146627817702,0.18243117581699658,-0.146275232433931,1
Samoa,2019,Oceania,4308.30145287685,1.49948619479095,0.982326569888142,72.157,1.04553544180183,0.04927679856539487,0.18056204431230977,0.0156825845220625,1
Samoa,2020,Oceania,4042.72271474144,1.22360923994052,-1.568912477409,72.768,1.41696799990075,0.05014213996249924,0.17889163398145433,0.487545124991399,1
Samoa,2021,Oceania,3857.35668493835,-0.40369952889796,3.1332047317449,72.767,1.76857821590665,0.051096158417289865,0.1774195022947103,0.942255424728103,1
Saudi Arabia,2017,Asia,20910.4829617971,7.43145779660462,-0.838194579675057,77.16,2.29816056079707,0.023033345712041152,0.8362199859960141,2.56279448227304,1
Saudi Arabia,2018,Asia,24175.5831237449,15.2215062682726,2.45814158007533,77.212,2.38415003117342,0.022926436426522225,0.8384399876486848,2.64927883200881,1
Saudi Arabia,2019,Asia,23405.7061087736,-1.76482018178983,-2.09333333333333,77.304,2.28458901092139,0.022910757426125875,0.8406500037596963,2.54782890854645,1
Saudi Arabia,2020,Asia,20398.0609873699,-8.46317828893147,3.44545825956691,76.239,0.472667096302666,0.02396634262858957,0.8428700117484441,0.736401326378145,1
Saudi Arabia,2021,Asia,24160.6760455307,13.8282168522612,3.06328988941548,76.936,-0.129847471045763,0.026000019582538118,0.8450800096889058,0.132008528859113,1
Sierra Leone,2017,Africa,484.456115646579,8.95600062684576,0.0,58.652,2.42113485779471,0.031375963603043414,0.41636000476713647,3.40590466873748,0
Sierra Leone,2018,Africa,519.649983516466,14.0105639435605,0.0,59.796,2.36471306664028,0.03138038189959117,0.4205500350388187,3.36603102946774,0
Sierra Leone,2019,Africa,506.606908156498,7.70278499631038,0.0,60.255,2.33284062492806,0.03146171385793259,0.4248399493564421,3.34774527713255,0
Sierra Leone,2020,Africa,493.432252431844,10.9149570581921,0.0,59.763,2.29903034010859,0.03147157446529438,0.4292300069103968,3.32707170509827,0
Sierra Leone,2021,Africa,504.621272179526,6.69151089014703,0.0,60.062,2.24176737112654,0.03140366630046335,0.43371995077334374,3.28238029195017,0
Singapore,2017,Asia,61164.8973569773,2.87515298539518,0.576260310166371,83.0951219512195,0.0885954699924263,0.10375797384757958,1.0,0.0885954699924485,2
Singapore,2018,Asia,66836.5385122528,3.53465075505316,0.438620118446782,83.2975609756098,0.469704298714121,0.11262998618824703,1.0,0.469704298714121,2
Singapore,2019,Asia,66070.4706679227,-0.201648173263933,0.565260568780358,83.5951219512195,1.14428330688929,0.1219557438509116,1.0,1.14428330688929,2
Singapore,2020,Asia,61274.0064626976,-2.6964548484051,-0.181916666666656,84.4658536585366,-0.311904961250833,0.13154192535905634,1.0,-0.311904961250821,2
Singapore,2021,Asia,77710.0699565617,8.78436557494857,2.30485959040487,83.4414634146342,-4.17033630017526,0.14125986556319298,1.0,-4.17033630017526,2
South Africa,2017,Africa,6734.47515312493,5.47332197481477,5.18424664766131,65.402,0.387278487857363,0.05737333396255719,0.6584999977666437,1.16325005336645,1
South Africa,2018,Africa,7048.50811239074,3.74575414001824,4.51716522786587,65.674,1.22553003994341,0.05854125161417578,0.6635500034138689,1.98949966357933,1
South Africa,2019,Africa,6688.77474649645,4.63808148407834,4.12024587014984,66.175,1.29507386292128,0.059500382658408145,0.6685599915506131,2.04726576560918,1
South Africa,2020,Africa,5741.64124877252,5.69261529432792,3.21003597454107,65.252,1.22317929511453,0.060005346423425886,0.6735400015036922,1.96530474552946,1
South Africa,2021,Africa,7055.05517621298,6.21901712135855,4.61167217803201,62.341,0.998920418563044,0.059721305412633346,0.6784699957932225,1.72820735429586,1
Spain,2017,Europa,28185.3213671972,1.29921183318382,1.95607633363964,83.2829268292683,0.234587922968563,0.1906741141568274,0.8007999916554411,0.534737452920241,2
Spain,2018,Europa,30379.7211126417,1.24555241777706,1.67498136863794,83.4317073170732,0.437982993728698,0.19292222870353992,0.8032100002064202,0.738481167271324,2
Spain,2019,Europa,29581.5185513293,1.44735843001939,0.699518994458693,83.8317073170732,0.717715637103499,0.19484620260806249,0.8056499908973909,1.0210350775988,2
Spain,2020,Europa,26959.6754367322,1.22556634288189,-0.322753017299705,82.3317073170732,0.488502131838585,0.1967250954304337,0.8081000041063509,0.792144591816453,2
Spain,2021,Europa,30103.513733191,2.30097428940911,3.09313511976406,83.1780487804878,0.105706398137095,0.19902882481032147,0.8105599932511877,0.409660414767995,2
Switzerland,2017,Europa,82254.3769269767,-0.367869216813958,0.533787839825886,83.5512195121951,0.933155888738653,0.18175426889292745,0.7376100352112676,0.962986439023895,2
Switzerland,2018,Europa,85216.6429514169,0.764289197175742,0.936335464113605,83.7536585365854,0.736633975172522,0.1836272711566584,0.7379699562936786,0.785417652319277,2
Switzerland,2019,Europa,84121.9310304414,-0.103895158007788,0.362886179940635,83.9048780487805,0.713313668444329,0.18556945079344347,0.7384900551352259,0.783765811954327,2
Switzerland,2020,Europa,85656.322666307,-0.741152989766164,-0.725874933313391,83.0,0.730676195047382,0.18725847740614415,0.7391499840186002,0.819998209849981,2
Switzerland,2021,Europa,91991.6004583563,1.05986290559228,0.581814168489875,83.8512195121951,0.752392087137583,0.1896531300106108,0.7399600501183158,0.861926355989954,2
United Arab Emirates,2017,Asia,43063.9674785596,4.9862131440172,0.0,79.504,0.819744473334198,0.010078078615872265,0.8624800072692819,1.14841080350245,1
United Arab Emirates,2018,Asia,46722.2687193126,7.93674803319826,0.0,79.627,0.789450107726376,0.01219682043078197,0.865219997573349,1.1066339467655,1
United Arab Emirates,2019,Asia,45376.1708390447,-3.19440940446903,0.0,79.726,0.779087177439076,0.014710165608641312,0.8678900006806592,1.08720440281233,1
United Arab Emirates,2020,Asia,37629.1741680652,-12.0313053012111,0.0,78.946,0.817694385518168,0.016539810487215374,0.870479964605387,1.11567075335732,1
United Arab Emirates,2021,Asia,44315.554183896,14.2808297048527,0.0,78.71,0.834812788038646,0.017584137778966582,0.8729900070954587,1.12274940466998,1
United Kingdom,2017,Europa,40622.6893883232,1.79116422658598,2.55775577557754,81.2560975609756,0.679374473924223,0.1814347565403756,0.8314299979053529,0.988958891589791,2
United Kingdom,2018,Europa,43306.3083049317,1.73785288253913,2.29283990345939,81.2560975609756,0.605929132212552,0.1832213658117689,0.8339800046776766,0.912161082441796,2
United Kingdom,2019,Europa,42747.080460496,2.1134137816924,1.73810460086511,81.4048780487805,0.564131113399897,0.1853070262224314,0.8365199960793777,0.868230886876796,2
United Kingdom,2020,Europa,40318.4169225055,5.93314681453445,0.98948670377243,80.3512195121951,0.365758263815142,0.1872251187269453,0.8390300035327317,0.665362493050561,2
United Kingdom,2021,Europa,46585.8975644567,0.0165739998990233,2.51837109614205,80.7,-0.0819253049161613,0.1891609860606956,0.8415200003580684,0.214406091552174,2
United States,2017,América del Norte,59907.754260885,1.89961013996167,2.13011000365963,78.5390243902439,0.63264399508256,0.15066290412567673,0.8205800006328698,0.871785260117191,2
United States,2018,América del Norte,62823.309438197,2.40405859264381,2.44258329692818,78.6390243902439,0.526435395564053,0.15397697439888292,0.8225600000935019,0.767437430461766,2
United States,2019,América del Norte,65120.3946628653,1.79393050089551,1.81221007526015,78.7878048780488,0.455381285963537,0.15791800755991336,0.8245900001697378,0.701867775195684,2
United States,2020,América del Norte,63528.6343027508,1.30491207120562,1.23358439630637,76.9804878048781,0.964347900193196,0.16223400109254726,0.826639999156349,1.21264765742654,2
United States,2021,América del Norte,70219.472454115,4.4927922357685,4.69785886363739,76.3292682926829,0.156747054750178,0.1667889552448982,0.8287300007637226,0.409258906239677,2
Venezuela,2017,Sudamérica,6084.479996093274,35.0631193204545,0.0,71.943,-0.580806784389088,0.06862151251137266,0.8818299959955415,-0.560394032904996,3
Venezuela,2018,Sudamérica,6084.479996093274,35.0631193204545,0.0,71.979,-2.44354322482875,0.07212717186778778,0.8820800000590096,-2.41519664640906,3
Venezuela,2019,Sudamérica,6084.479996093274,35.0631193204545,0.0,72.161,-2.90499574537726,0.07622560277219656,0.8823999972662961,-2.8687247520784,3
Venezuela,2020,Sudamérica,6084.479996093274,35.0631193204545,0.0,71.095,-1.67498559751263,0.07994341121918981,0.8827899998641651,-1.6307974245852,3
Venezuela,2021,Sudamérica,6084.479996093274,35.0631193204545,0.0,70.554,-1.02517870784193,0.08338138616043828,0.8832500167465329,-0.973082844957155,3
