país Name,Año,"Esperanza de vida al nacer, mujeres (años)","Esperanza de vida al nacer, total (años)","Esperanza de vida al nacer, varones (años)"
Afganistán,1987,43.453,39.844,36.739
Afganistán,1988,46.569,43.958,41.572
Afganistán,1989,47.61,45.158,42.891
Afganistán,1990,48.397,45.967,43.709
Afganistán,1991,49.144,46.663,44.353
Afganistán,1992,50.32,47.596,45.07
Afganistán,1993,52.739,51.466,50.216
Afganistán,1994,53.544,51.495,49.531
Afganistán,1995,54.087,52.544,51.039
Afganistán,1996,54.806,53.243,51.722
Afganistán,1997,55.151,53.634,52.153
Afganistán,1998,54.818,52.943,51.134
Afganistán,1999,56.3,54.846,53.41
Afganistán,2000,56.858,55.298,53.762
Afganistán,2001,57.344,55.798,54.272
Afganistán,2002,57.672,56.454,55.227
Afganistán,2003,58.65,57.344,56.032
Afganistán,2004,59.216,57.944,56.658
Afganistán,2005,59.697,58.361,57.013
Afganistán,2006,60.243,58.684,57.133
Afganistán,2007,60.909,59.111,57.342
Afganistán,2008,61.529,59.852,58.172
Afganistán,2009,61.892,60.364,58.82
Afganistán,2010,62.408,60.851,59.278
Afganistán,2011,62.993,61.419,59.825
Afganistán,2012,63.514,61.923,60.317
Afganistán,2013,64.027,62.417,60.791
Afganistán,2014,64.274,62.545,60.812
Afganistán,2015,64.576,62.659,60.76
Afganistán,2016,65.096,63.136,61.193
Afganistán,2017,66.099,63.016,60.105
Afganistán,2018,66.458,63.081,59.923
Afganistán,2019,66.677,63.565,60.619
Afganistán,2020,65.432,62.575,59.866
Afganistán,2021,65.279,61.982,58.915
Alemania,1987,78.103,74.80702439024391,71.668
Alemania,1988,78.286,74.99873170731708,71.868
Alemania,1989,78.466,75.19153658536587,72.073
Alemania,1990,78.419,75.08563414634146,71.911
Alemania,1991,78.7,75.31951219512196,72.1
Alemania,1992,79.2,75.81951219512196,72.6
Alemania,1993,79.2,75.87073170731709,72.7
Alemania,1994,79.6,76.27073170731707,73.1
Alemania,1995,79.7,76.42195121951221,73.3
Alemania,1996,79.9,76.67317073170733,73.6
Alemania,1997,80.3,77.07317073170732,74.0
Alemania,1998,80.6,77.47560975609757,74.5
Alemania,1999,80.8,77.72682926829269,74.8
Alemania,2000,81.0,77.92682926829269,75.0
Alemania,2001,81.3,78.32926829268293,75.5
Alemania,2002,81.2,78.22926829268293,75.4
Alemania,2003,81.3,78.38048780487806,75.6
Alemania,2004,81.6,78.68048780487807,75.9
Alemania,2005,81.8,78.93170731707318,76.2
Alemania,2006,82.0,79.1317073170732,76.4
Alemania,2007,82.3,79.53414634146343,76.9
Alemania,2008,82.4,79.73658536585367,77.2
Alemania,2009,82.5,79.83658536585368,77.3
Alemania,2010,82.6,79.98780487804879,77.5
Alemania,2011,83.1,80.43658536585367,77.9
Alemania,2012,83.1,80.53902439024391,78.1
Alemania,2013,83.0,80.49024390243903,78.1
Alemania,2014,83.6,81.09024390243904,78.7
Alemania,2015,83.1,80.64146341463415,78.3
Alemania,2016,83.5,80.99024390243903,78.6
Alemania,2017,83.4,80.99268292682929,78.7
Alemania,2018,83.3,80.89268292682927,78.6
Alemania,2019,83.7,81.29268292682927,79.0
Alemania,2020,83.5,81.04146341463415,78.7
Alemania,2021,83.38,80.9009756097561,78.54
Arabia Saudita,1987,69.187,67.4,66.1
Arabia Saudita,1988,69.778,67.972,66.679
Arabia Saudita,1989,70.383,68.491,67.166
Arabia Saudita,1990,70.712,68.948,67.724
Arabia Saudita,1991,71.301,69.366,68.065
Arabia Saudita,1992,71.876,69.925,68.639
Arabia Saudita,1993,72.171,70.303,69.082
Arabia Saudita,1994,72.686,70.705,69.419
Arabia Saudita,1995,72.806,71.011,69.825
Arabia Saudita,1996,73.225,71.273,69.992
Arabia Saudita,1997,73.407,71.483,70.207
Arabia Saudita,1998,73.577,71.879,70.719
Arabia Saudita,1999,74.082,72.136,70.811
Arabia Saudita,2000,74.394,72.467,71.128
Arabia Saudita,2001,74.62,72.974,71.774
Arabia Saudita,2002,74.94,73.337,72.128
Arabia Saudita,2003,75.22,73.628,72.388
Arabia Saudita,2004,75.953,74.153,72.728
Arabia Saudita,2005,76.211,74.588,73.269
Arabia Saudita,2006,76.425,74.81,73.526
Arabia Saudita,2007,76.61,75.046,73.829
Arabia Saudita,2008,76.84,75.274,74.095
Arabia Saudita,2009,76.932,75.431,74.334
Arabia Saudita,2010,77.572,75.763,74.519
Arabia Saudita,2011,77.833,76.234,75.124
Arabia Saudita,2012,78.084,76.461,75.33
Arabia Saudita,2013,78.254,76.626,75.487
Arabia Saudita,2014,78.393,76.757,75.611
Arabia Saudita,2015,78.555,76.918,75.766
Arabia Saudita,2016,78.716,77.064,75.861
Arabia Saudita,2017,78.796,77.16,75.917
Arabia Saudita,2018,78.911,77.212,75.921
Arabia Saudita,2019,78.909,77.304,76.07
Arabia Saudita,2020,77.992,76.239,74.966
Arabia Saudita,2021,78.771,76.936,75.59
Argelia,1987,67.239,65.83,64.439
Argelia,1988,67.901,66.971,66.034
Argelia,1989,68.102,67.085,66.064
Argelia,1990,68.517,67.416,66.313
Argelia,1991,69.007,67.688,66.378
Argelia,1992,69.307,67.757,66.238
Argelia,1993,69.202,67.719,66.263
Argelia,1994,69.169,67.361,65.621
Argelia,1995,69.518,67.454,65.489
Argelia,1996,70.4,68.749,67.134
Argelia,1997,70.925,69.171,67.49
Argelia,1998,71.262,69.451,67.744
Argelia,1999,71.414,70.032,68.703
Argelia,2000,71.949,70.478,69.068
Argelia,2001,72.197,70.823,69.498
Argelia,2002,72.559,71.23,69.943
Argelia,2003,72.25,71.287,70.344
Argelia,2004,72.812,71.762,70.735
Argelia,2005,73.075,72.061,71.069
Argelia,2006,73.379,72.334,71.313
Argelia,2007,73.735,72.602,71.499
Argelia,2008,74.071,72.941,71.841
Argelia,2009,74.864,73.62,72.413
Argelia,2010,74.873,73.808,72.769
Argelia,2011,75.236,74.123,73.04
Argelia,2012,75.478,74.202,72.971
Argelia,2013,75.84,74.615,73.43
Argelia,2014,76.467,75.11,73.803
Argelia,2015,76.824,75.622,74.456
Argelia,2016,76.803,75.732,74.693
Argelia,2017,76.821,75.743,74.7
Argelia,2018,77.205,76.066,74.966
Argelia,2019,77.76,76.474,75.238
Argelia,2020,75.912,74.453,73.082
Argelia,2021,77.959,76.377,74.879
Argentina,1987,74.004,70.564,67.148
Argentina,1988,74.381,71.052,67.711
Argentina,1989,74.735,71.425,68.09
Argentina,1990,74.963,71.784,68.552
Argentina,1991,75.635,72.319,68.957
Argentina,1992,75.719,72.43,69.095
Argentina,1993,75.94,72.565,69.16
Argentina,1994,76.049,73.172,70.18
Argentina,1995,76.243,73.133,69.95
Argentina,1996,76.418,73.307,70.123
Argentina,1997,76.464,73.09,69.705
Argentina,1998,76.758,73.474,70.149
Argentina,1999,76.989,73.722,70.407
Argentina,2000,77.223,73.926,70.583
Argentina,2001,77.59,74.186,70.749
Argentina,2002,78.075,74.408,70.752
Argentina,2003,77.276,74.08,70.83
Argentina,2004,78.103,74.855,71.53
Argentina,2005,78.527,75.139,71.692
Argentina,2006,78.716,75.433,72.066
Argentina,2007,78.515,75.006,71.487
Argentina,2008,78.927,75.641,72.276
Argentina,2009,79.07,75.936,72.694
Argentina,2010,78.838,75.721,72.516
Argentina,2011,79.322,76.124,72.841
Argentina,2012,79.953,76.467,72.939
Argentina,2013,79.927,76.491,73.011
Argentina,2014,80.004,76.755,73.424
Argentina,2015,80.188,76.76,73.294
Argentina,2016,79.67,76.308,72.933
Argentina,2017,80.085,76.833,73.526
Argentina,2018,80.329,76.999,73.631
Argentina,2019,80.681,77.284,73.857
Argentina,2020,79.285,75.892,72.546
Argentina,2021,78.647,75.39,72.182
Australia,1987,79.44,76.15170731707317,73.02
Australia,1988,79.68,76.43268292682929,73.34
Australia,1989,79.92,76.71365853658537,73.66
Australia,1990,80.16,76.99463414634147,73.98
Australia,1991,80.4,77.27560975609758,74.3
Australia,1992,80.4,77.37804878048782,74.5
Australia,1993,80.9,77.87804878048782,75.0
Australia,1994,80.9,77.87804878048782,75.0
Australia,1995,80.8,77.82926829268294,75.0
Australia,1996,81.1,78.07804878048782,75.2
Australia,1997,81.4,78.48048780487805,75.7
Australia,1998,81.5,78.63170731707318,75.9
Australia,1999,81.8,78.93170731707318,76.2
Australia,2000,82.0,79.23414634146343,76.6
Australia,2001,82.4,79.63414634146342,77.0
Australia,2002,82.6,79.93658536585367,77.4
Australia,2003,82.8,80.23902439024391,77.8
Australia,2004,83.0,80.49024390243903,78.1
Australia,2005,83.3,80.84146341463415,78.5
Australia,2006,83.5,81.04146341463415,78.7
Australia,2007,83.7,81.29268292682927,79.0
Australia,2008,83.7,81.39512195121952,79.2
Australia,2009,83.9,81.54390243902441,79.3
Australia,2010,84.0,81.69512195121953,79.5
Australia,2011,84.2,81.89512195121951,79.7
Australia,2012,84.3,82.04634146341463,79.9
Australia,2013,84.3,82.14878048780488,80.1
Australia,2014,84.4,82.30000000000001,80.3
Australia,2015,84.5,82.40000000000002,80.4
Australia,2016,84.6,82.4487804878049,80.4
Australia,2017,84.6,82.50000000000001,80.5
Australia,2018,84.9,82.7487804878049,80.7
Australia,2019,85.0,82.9,80.9
Australia,2020,85.3,83.2,81.2
Australia,2021,85.4,83.3,81.3
Austria,1987,78.2,74.76829268292684,71.5
Austria,1988,78.7,75.21707317073171,71.9
Austria,1989,78.8,75.2658536585366,71.9
Austria,1990,79.0,75.56829268292685,72.3
Austria,1991,79.1,75.6170731707317,72.3
Austria,1992,79.3,75.81707317073172,72.5
Austria,1993,79.5,76.06829268292684,72.8
Austria,1994,79.8,76.41951219512195,73.2
Austria,1995,80.1,76.66829268292685,73.4
Austria,1996,80.2,76.87073170731708,73.7
Austria,1997,80.7,77.31951219512196,74.1
Austria,1998,81.0,77.67073170731709,74.5
Austria,1999,81.0,77.87560975609757,74.9
Austria,2000,81.2,78.1268292682927,75.2
Austria,2001,81.7,78.57560975609756,75.6
Austria,2002,81.7,78.67804878048783,75.8
Austria,2003,81.5,78.63170731707318,75.9
Austria,2004,82.1,79.18048780487806,76.4
Austria,2005,82.2,79.33170731707318,76.6
Austria,2006,82.8,79.88048780487806,77.1
Austria,2007,83.1,80.18048780487806,77.4
Austria,2008,83.3,80.43170731707318,77.7
Austria,2009,83.2,80.33170731707318,77.6
Austria,2010,83.5,80.58048780487806,77.8
Austria,2011,83.8,80.9829268292683,78.3
Austria,2012,83.6,80.93658536585367,78.4
Austria,2013,83.8,81.13658536585366,78.6
Austria,2014,84.0,81.49024390243903,79.1
Austria,2015,83.7,81.19024390243904,78.8
Austria,2016,84.1,81.64146341463416,79.3
Austria,2017,84.0,81.6439024390244,79.4
Austria,2018,84.1,81.69268292682928,79.4
Austria,2019,84.2,81.89512195121951,79.7
Austria,2020,83.6,81.19268292682928,78.9
Austria,2021,83.8,81.23902439024391,78.8
Brasil,1987,67.715,65.08,62.559
Brasil,1988,68.091,65.454,62.929
Brasil,1989,68.532,65.868,63.315
Brasil,1990,69.041,65.985,63.099
Brasil,1991,69.335,66.31,63.442
Brasil,1992,69.775,66.708,63.799
Brasil,1993,70.18,67.109,64.19
Brasil,1994,70.646,67.568,64.637
Brasil,1995,71.089,67.919,64.905
Brasil,1996,71.592,68.409,65.376
Brasil,1997,72.03,68.813,65.743
Brasil,1998,72.432,69.189,66.091
Brasil,1999,72.813,69.524,66.381
Brasil,2000,73.431,69.737,66.262
Brasil,2001,73.969,70.195,66.644
Brasil,2002,74.189,70.41,66.845
Brasil,2003,74.42,70.72,67.206
Brasil,2004,74.916,71.131,67.537
Brasil,2005,75.402,71.753,68.252
Brasil,2006,75.665,72.037,68.545
Brasil,2007,75.88,72.365,68.956
Brasil,2008,76.134,72.715,69.378
Brasil,2009,76.299,72.948,69.664
Brasil,2010,76.592,73.182,69.844
Brasil,2011,76.651,73.343,70.089
Brasil,2012,76.869,73.552,70.287
Brasil,2013,77.12,73.918,70.745
Brasil,2014,77.432,74.306,71.191
Brasil,2015,77.572,74.332,71.124
Brasil,2016,77.848,74.442,71.092
Brasil,2017,78.032,74.827,71.635
Brasil,2018,78.266,75.109,71.956
Brasil,2019,78.469,75.338,72.203
Brasil,2020,77.375,74.009,70.7
Brasil,2021,76.009,72.75,69.56
Burkina Faso,1987,50.033,49.058,48.03
Burkina Faso,1988,50.031,49.132,48.178
Burkina Faso,1989,50.065,49.174,48.225
Burkina Faso,1990,50.436,49.44,48.383
Burkina Faso,1991,50.439,49.45,48.396
Burkina Faso,1992,50.42,49.437,48.382
Burkina Faso,1993,50.22,49.209,48.12
Burkina Faso,1994,50.461,49.307,48.071
Burkina Faso,1995,50.578,49.446,48.224
Burkina Faso,1996,50.823,49.614,48.313
Burkina Faso,1997,50.526,49.4,48.176
Burkina Faso,1998,51.191,49.991,48.691
Burkina Faso,1999,51.679,50.325,48.875
Burkina Faso,2000,52.376,50.847,49.225
Burkina Faso,2001,52.578,51.071,49.471
Burkina Faso,2002,52.7,51.272,49.752
Burkina Faso,2003,53.172,51.793,50.32
Burkina Faso,2004,53.786,52.416,50.953
Burkina Faso,2005,54.617,53.092,51.479
Burkina Faso,2006,55.158,53.742,52.234
Burkina Faso,2007,55.777,54.375,52.878
Burkina Faso,2008,56.842,55.342,53.745
Burkina Faso,2009,57.32,55.959,54.493
Burkina Faso,2010,57.888,56.477,54.959
Burkina Faso,2011,58.616,57.125,55.527
Burkina Faso,2012,59.096,57.619,56.033
Burkina Faso,2013,59.262,57.823,56.277
Burkina Faso,2014,59.884,58.359,56.727
Burkina Faso,2015,60.401,58.845,57.184
Burkina Faso,2016,60.927,59.326,57.623
Burkina Faso,2017,61.178,59.536,57.797
Burkina Faso,2018,61.706,60.047,58.29
Burkina Faso,2019,61.822,60.039,58.173
Burkina Faso,2020,61.598,59.731,57.787
Burkina Faso,2021,60.99,59.27,57.474
Camboya,1987,55.983,53.454,50.597
Camboya,1988,56.569,54.276,51.679
Camboya,1989,57.466,54.798,51.808
Camboya,1990,57.987,55.434,52.578
Camboya,1991,58.071,55.793,53.234
Camboya,1992,58.213,56.021,53.568
Camboya,1993,58.245,56.08,53.711
Camboya,1994,58.047,56.035,53.853
Camboya,1995,58.217,56.308,54.233
Camboya,1996,58.4,56.346,54.132
Camboya,1997,58.622,56.743,54.708
Camboya,1998,58.909,57.028,54.991
Camboya,1999,59.575,57.69,55.643
Camboya,2000,60.53,58.625,56.559
Camboya,2001,61.91,59.966,57.863
Camboya,2002,63.316,61.226,58.973
Camboya,2003,64.643,62.523,60.238
Camboya,2004,65.46,63.552,61.48
Camboya,2005,66.209,64.293,62.213
Camboya,2006,67.01,65.059,62.945
Camboya,2007,67.698,65.731,63.603
Camboya,2008,68.479,66.47,64.299
Camboya,2009,69.575,67.444,65.155
Camboya,2010,69.834,67.712,65.436
Camboya,2011,70.726,68.416,65.957
Camboya,2012,71.026,68.915,66.652
Camboya,2013,71.665,69.304,66.802
Camboya,2014,71.881,69.736,67.446
Camboya,2015,72.02,69.873,67.586
Camboya,2016,72.666,70.224,67.658
Camboya,2017,72.689,70.515,68.213
Camboya,2018,72.778,70.561,68.226
Camboya,2019,72.873,70.692,68.4
Camboya,2020,72.724,70.416,67.999
Camboya,2021,72.291,69.584,66.819
Canadá,1987,80.19,76.77878048780488,73.53
Canadá,1988,80.27,76.85878048780488,73.61
Canadá,1989,80.49,77.12487804878049,73.92
Canadá,1990,80.73,77.43658536585367,74.3
Canadá,1991,80.81,77.59341463414636,74.53
Canadá,1992,81.07,77.83804878048781,74.76
Canadá,1993,80.86,77.7048780487805,74.7
Canadá,1994,80.95,77.87170731707317,74.94
Canadá,1995,81.03,77.97731707317074,75.07
Canadá,1996,81.15,78.22024390243904,75.43
Canadá,1997,81.25,78.41243902439025,75.71
Canadá,1998,81.41,78.62365853658537,75.97
Canadá,1999,81.61,78.8390243902439,76.2
Canadá,2000,81.82,79.16682926829269,76.64
Canadá,2001,82.0,79.39804878048783,76.92
Canadá,2002,82.02,79.53073170731709,77.16
Canadá,2003,82.23,79.71512195121952,77.32
Canadá,2004,82.42,79.99219512195123,77.68
Canadá,2005,82.52,80.11268292682928,77.82
Canadá,2006,82.91,80.54365853658538,78.29
Canadá,2007,82.91,80.54365853658538,78.29
Canadá,2008,83.05,80.72463414634147,78.51
Canadá,2009,83.33,81.0660975609756,78.91
Canadá,2010,83.54,81.32219512195122,79.21
Canadá,2011,83.68,81.48268292682928,79.39
Canadá,2012,83.82,81.66365853658537,79.61
Canadá,2013,83.85,81.74487804878049,79.74
Canadá,2014,83.91,81.78439024390245,79.76
Canadá,2015,83.89,81.81560975609757,79.84
Canadá,2016,84.03,81.92487804878051,79.92
Canadá,2017,84.02,81.8329268292683,79.75
Canadá,2018,83.99,81.8439024390244,79.8
Canadá,2019,84.38,82.2287804878049,80.18
Canadá,2020,83.96,81.67048780487805,79.49
Canadá,2021,84.671,82.59660975609758,80.621
Chad,1987,47.422,42.798,38.766
Chad,1988,47.494,45.785,44.081
Chad,1989,47.738,45.875,44.033
Chad,1990,47.793,44.686,41.782
Chad,1991,47.438,45.941,44.437
Chad,1992,47.5,46.102,44.698
Chad,1993,47.438,46.318,45.181
Chad,1994,47.514,46.449,45.365
Chad,1995,47.713,46.711,45.688
Chad,1996,48.041,47.013,45.97
Chad,1997,48.187,47.217,46.231
Chad,1998,48.234,47.224,46.203
Chad,1999,48.335,47.372,46.399
Chad,2000,48.557,47.443,46.325
Chad,2001,48.802,47.85,46.888
Chad,2002,48.875,47.946,47.012
Chad,2003,49.102,48.206,47.307
Chad,2004,49.313,48.232,47.158
Chad,2005,49.304,48.312,47.33
Chad,2006,49.515,48.286,47.083
Chad,2007,50.005,48.751,47.521
Chad,2008,50.281,49.024,47.788
Chad,2009,50.361,49.196,48.045
Chad,2010,50.798,49.584,48.388
Chad,2011,51.279,50.009,48.76
Chad,2012,51.849,50.54,49.255
Chad,2013,52.16,50.781,49.431
Chad,2014,52.63,51.202,49.808
Chad,2015,53.132,51.589,50.09
Chad,2016,53.317,52.083,50.867
Chad,2017,53.752,52.308,50.898
Chad,2018,54.317,52.825,51.372
Chad,2019,54.908,53.259,51.664
Chad,2020,54.396,52.777,51.218
Chad,2021,54.283,52.525,50.845
China,1987,69.795,67.288,64.912
China,1988,70.094,67.581,65.202
China,1989,70.331,67.838,65.478
China,1990,70.424,68.005,65.714
China,1991,70.333,68.169,66.099
China,1992,70.965,68.734,66.608
China,1993,71.548,69.216,67.006
China,1994,71.736,69.52,67.414
China,1995,72.308,70.008,67.833
China,1996,72.503,70.266,68.152
China,1997,72.915,70.672,68.558
China,1998,73.587,71.172,68.916
China,1999,73.582,71.419,69.38
China,2000,74.189,71.881,69.723
China,2001,75.258,72.606,70.162
China,2002,75.64,72.985,70.538
China,2003,76.044,73.371,70.91
China,2004,76.433,73.748,71.275
China,2005,76.819,74.111,71.619
China,2006,77.167,74.504,72.043
China,2007,77.492,74.762,72.248
China,2008,77.562,74.872,72.389
China,2009,78.066,75.343,72.831
China,2010,78.326,75.599,73.08
China,2011,78.644,75.903,73.368
China,2012,78.983,76.192,73.613
China,2013,79.223,76.452,73.884
China,2014,79.499,76.717,74.134
China,2015,79.772,76.977,74.379
China,2016,80.053,77.218,74.582
China,2017,80.321,77.248,74.433
China,2018,80.637,77.744,75.046
China,2019,80.816,77.968,75.298
China,2020,81.058,78.077,75.305
China,2021,81.155,78.211,75.463
Colombia,1987,71.992,68.268,64.756
Colombia,1988,72.44,68.391,64.605
Colombia,1989,72.781,68.533,64.576
Colombia,1990,73.067,68.644,64.539
Colombia,1991,73.296,68.813,64.652
Colombia,1992,73.533,69.038,64.86
Colombia,1993,73.757,69.342,65.221
Colombia,1994,73.969,69.613,65.533
Colombia,1995,74.24,69.933,65.885
Colombia,1996,74.5,70.189,66.13
Colombia,1997,74.798,70.492,66.431
Colombia,1998,75.053,70.738,66.662
Colombia,1999,75.195,70.926,66.884
Colombia,2000,75.542,71.32,67.312
Colombia,2001,75.66,71.502,67.545
Colombia,2002,75.981,71.939,68.076
Colombia,2003,76.252,72.361,68.622
Colombia,2004,76.495,72.695,69.032
Colombia,2005,76.766,73.081,69.513
Colombia,2006,77.075,73.468,69.961
Colombia,2007,77.391,73.837,70.374
Colombia,2008,77.731,74.295,70.933
Colombia,2009,78.054,74.742,71.487
Colombia,2010,78.301,75.033,71.817
Colombia,2011,78.548,75.32,72.141
Colombia,2012,78.787,75.597,72.455
Colombia,2013,78.972,75.827,72.725
Colombia,2014,79.139,76.043,72.985
Colombia,2015,79.292,76.257,73.252
Colombia,2016,79.44,76.471,73.519
Colombia,2017,79.535,76.646,73.759
Colombia,2018,79.66,76.748,73.842
Colombia,2019,79.721,76.752,73.8
Colombia,2020,78.136,74.769,71.537
Colombia,2021,76.442,72.83,69.404
Costa Rica,1987,77.676,75.741,73.902
Costa Rica,1988,78.129,76.106,74.186
Costa Rica,1989,78.537,76.263,74.129
Costa Rica,1990,78.767,76.63,74.604
Costa Rica,1991,78.49,76.591,74.767
Costa Rica,1992,78.68,76.627,74.668
Costa Rica,1993,78.822,76.703,74.686
Costa Rica,1994,78.892,76.67,74.563
Costa Rica,1995,78.981,76.552,74.272
Costa Rica,1996,79.063,76.804,74.657
Costa Rica,1997,79.661,77.07,74.646
Costa Rica,1998,79.253,76.896,74.658
Costa Rica,1999,79.738,77.138,74.695
Costa Rica,2000,80.038,77.586,75.252
Costa Rica,2001,79.893,77.545,75.297
Costa Rica,2002,80.374,77.983,75.692
Costa Rica,2003,80.412,78.072,75.82
Costa Rica,2004,80.635,78.331,76.104
Costa Rica,2005,80.862,78.505,76.231
Costa Rica,2006,81.064,78.514,76.079
Costa Rica,2007,80.934,78.462,76.089
Costa Rica,2008,81.016,78.445,75.99
Costa Rica,2009,81.236,78.672,76.216
Costa Rica,2010,81.083,78.67,76.34
Costa Rica,2011,81.711,79.348,77.048
Costa Rica,2012,81.62,79.283,77.009
Costa Rica,2013,81.762,79.403,77.112
Costa Rica,2014,81.236,78.774,76.409
Costa Rica,2015,81.569,79.086,76.698
Costa Rica,2016,82.008,79.459,77.01
Costa Rica,2017,81.76,79.377,77.07
Costa Rica,2018,82.083,79.484,76.996
Costa Rica,2019,81.953,79.427,77.002
Costa Rica,2020,81.912,79.277,76.751
Costa Rica,2021,79.811,77.023,74.418
Cuba,1987,75.927,73.825,71.918
Cuba,1988,76.058,73.913,71.959
Cuba,1989,76.179,73.981,71.975
Cuba,1990,76.297,74.039,71.978
Cuba,1991,76.408,74.093,71.984
Cuba,1992,76.531,74.162,72.007
Cuba,1993,76.672,74.261,72.072
Cuba,1994,76.851,74.411,72.194
Cuba,1995,77.08,74.623,72.388
Cuba,1996,77.361,74.903,72.656
Cuba,1997,77.671,75.222,72.971
Cuba,1998,78.003,75.564,73.31
Cuba,1999,78.315,75.893,73.644
Cuba,2000,78.595,76.183,73.941
Cuba,2001,78.831,76.421,74.183
Cuba,2002,79.022,76.612,74.381
Cuba,2003,79.183,76.773,74.545
Cuba,2004,79.321,76.912,74.684
Cuba,2005,79.453,77.047,74.818
Cuba,2006,79.578,77.179,74.95
Cuba,2007,79.694,77.307,75.079
Cuba,2008,79.798,77.429,75.209
Cuba,2009,79.898,77.548,75.335
Cuba,2010,79.99,77.661,75.46
Cuba,2011,80.063,77.76,75.575
Cuba,2012,80.122,77.833,75.657
Cuba,2013,80.157,77.87,75.688
Cuba,2014,80.166,77.853,75.644
Cuba,2015,80.148,77.772,75.505
Cuba,2016,80.111,77.643,75.297
Cuba,2017,80.071,77.529,75.118
Cuba,2018,80.051,77.496,75.067
Cuba,2019,80.075,77.611,75.244
Cuba,2020,80.225,77.567,75.044
Cuba,2021,76.359,73.683,71.245
Dinamarca,1987,77.79,74.69121951219513,71.74
Dinamarca,1988,77.64,74.77170731707318,72.04
Dinamarca,1989,77.75,74.79975609756097,71.99
Dinamarca,1990,77.73,74.80536585365854,72.02
Dinamarca,1991,77.98,75.1578048780488,72.47
Dinamarca,1992,77.96,75.19414634146342,72.56
Dinamarca,1993,77.77,75.1168292682927,72.59
Dinamarca,1994,78.1,75.37512195121953,72.78
Dinamarca,1995,77.83,75.21268292682927,72.72
Dinamarca,1996,78.26,75.59146341463416,73.05
Dinamarca,1997,78.46,75.94512195121952,73.55
Dinamarca,1998,78.7,76.13902439024392,73.7
Dinamarca,1999,78.8,76.34146341463415,74.0
Dinamarca,2000,79.0,76.59268292682927,74.3
Dinamarca,2001,79.2,76.79268292682929,74.5
Dinamarca,2002,79.2,76.89512195121951,74.7
Dinamarca,2003,79.5,77.1439024390244,74.9
Dinamarca,2004,79.9,77.49268292682927,75.2
Dinamarca,2005,80.2,77.84390243902439,75.6
Dinamarca,2006,80.4,78.09512195121954,75.9
Dinamarca,2007,80.5,78.19512195121952,76.0
Dinamarca,2008,80.7,78.44634146341464,76.3
Dinamarca,2009,80.8,78.59756097560977,76.5
Dinamarca,2010,81.2,79.10000000000001,77.1
Dinamarca,2011,81.9,79.80000000000001,77.8
Dinamarca,2012,82.1,80.05121951219512,78.1
Dinamarca,2013,82.4,80.30000000000001,78.3
Dinamarca,2014,82.8,80.7,78.7
Dinamarca,2015,82.7,80.70243902439024,78.8
Dinamarca,2016,82.8,80.85365853658537,79.0
Dinamarca,2017,83.1,81.10243902439025,79.2
Dinamarca,2018,82.9,80.95365853658537,79.1
Dinamarca,2019,83.5,81.45121951219514,79.5
Dinamarca,2020,83.6,81.60243902439025,79.7
Dinamarca,2021,83.3,81.40487804878049,79.6
Ecuador,1987,70.098,67.3,64.625
Ecuador,1988,71.0,68.056,65.244
Ecuador,1989,71.825,68.749,65.809
Ecuador,1990,72.512,69.348,66.314
Ecuador,1991,72.822,69.625,66.55
Ecuador,1992,73.334,70.117,67.012
Ecuador,1993,73.533,70.345,67.258
Ecuador,1994,73.954,70.757,67.657
Ecuador,1995,74.228,71.041,67.95
Ecuador,1996,74.541,71.362,68.277
Ecuador,1997,74.857,71.681,68.599
Ecuador,1998,75.209,72.045,68.972
Ecuador,1999,75.618,72.463,69.397
Ecuador,2000,75.964,72.839,69.799
Ecuador,2001,76.329,73.24,70.231
Ecuador,2002,76.663,73.613,70.642
Ecuador,2003,76.997,73.975,71.031
Ecuador,2004,77.285,74.279,71.35
Ecuador,2005,77.534,74.514,71.574
Ecuador,2006,77.747,74.689,71.714
Ecuador,2007,77.947,74.844,71.832
Ecuador,2008,78.116,74.983,71.945
Ecuador,2009,78.308,75.184,72.154
Ecuador,2010,78.488,75.43,72.458
Ecuador,2011,78.675,75.743,72.879
Ecuador,2012,78.842,76.062,73.332
Ecuador,2013,78.997,76.369,73.777
Ecuador,2014,79.124,76.622,74.146
Ecuador,2015,79.209,76.789,74.391
Ecuador,2016,79.137,76.763,74.41
Ecuador,2017,79.395,76.972,74.577
Ecuador,2018,79.604,77.094,74.623
Ecuador,2019,79.953,77.297,74.699
Ecuador,2020,76.056,72.153,68.765
Ecuador,2021,77.462,73.67,70.26
"Egipto, República Árabe de",1987,63.916,62.137,60.27
"Egipto, República Árabe de",1988,64.889,62.98,60.984
"Egipto, República Árabe de",1989,65.326,63.628,61.831
"Egipto, República Árabe de",1990,65.972,64.146,62.227
"Egipto, República Árabe de",1991,66.504,64.755,62.912
"Egipto, República Árabe de",1992,66.743,65.031,63.228
"Egipto, República Árabe de",1993,67.137,65.468,63.714
"Egipto, República Árabe de",1994,67.687,65.816,63.876
"Egipto, República Árabe de",1995,68.304,66.312,64.263
"Egipto, República Árabe de",1996,68.751,66.742,64.68
"Egipto, República Árabe de",1997,69.242,67.197,65.104
"Egipto, República Árabe de",1998,69.364,67.471,65.528
"Egipto, República Árabe de",1999,69.62,67.737,65.81
"Egipto, República Árabe de",2000,70.095,68.007,65.897
"Egipto, República Árabe de",2001,70.431,68.308,66.168
"Egipto, República Árabe de",2002,70.735,68.564,66.383
"Egipto, República Árabe de",2003,70.659,68.402,66.159
"Egipto, República Árabe de",2004,70.914,68.613,66.336
"Egipto, República Árabe de",2005,71.226,68.779,66.38
"Egipto, República Árabe de",2006,71.49,68.977,66.525
"Egipto, República Árabe de",2007,71.706,69.128,66.623
"Egipto, República Árabe de",2008,71.93,69.319,66.785
"Egipto, República Árabe de",2009,72.087,69.48,66.951
"Egipto, República Árabe de",2010,72.318,69.664,67.096
"Egipto, República Árabe de",2011,72.605,69.88,67.253
"Egipto, República Árabe de",2012,72.745,70.085,67.513
"Egipto, República Árabe de",2013,72.82,70.052,67.398
"Egipto, República Árabe de",2014,73.163,70.415,67.773
"Egipto, República Árabe de",2015,73.081,70.483,67.967
"Egipto, República Árabe de",2016,73.552,70.844,68.233
"Egipto, República Árabe de",2017,73.974,71.302,68.712
"Egipto, República Árabe de",2018,73.927,71.367,68.875
"Egipto, República Árabe de",2019,73.711,71.358,69.049
"Egipto, República Árabe de",2020,73.39,70.99,68.667
"Egipto, República Árabe de",2021,72.608,70.221,67.935
Emiratos Árabes Unidos,1987,74.513,71.491,69.768
Emiratos Árabes Unidos,1988,74.648,71.606,69.907
Emiratos Árabes Unidos,1989,74.788,71.757,70.09
Emiratos Árabes Unidos,1990,74.922,71.9,70.262
Emiratos Árabes Unidos,1991,75.04,72.241,70.698
Emiratos Árabes Unidos,1992,74.99,72.306,70.831
Emiratos Árabes Unidos,1993,75.524,72.521,70.938
Emiratos Árabes Unidos,1994,75.595,72.598,71.027
Emiratos Árabes Unidos,1995,75.633,72.695,71.152
Emiratos Árabes Unidos,1996,75.343,72.767,71.365
Emiratos Árabes Unidos,1997,75.534,72.937,71.555
Emiratos Árabes Unidos,1998,75.676,73.066,71.704
Emiratos Árabes Unidos,1999,76.193,73.67,72.348
Emiratos Árabes Unidos,2000,76.617,74.38,73.166
Emiratos Árabes Unidos,2001,76.998,74.636,73.388
Emiratos Árabes Unidos,2002,77.35,74.901,73.631
Emiratos Árabes Unidos,2003,78.521,76.222,74.984
Emiratos Árabes Unidos,2004,78.784,76.453,75.202
Emiratos Árabes Unidos,2005,79.033,76.683,75.417
Emiratos Árabes Unidos,2006,79.289,76.909,75.639
Emiratos Árabes Unidos,2007,79.52,77.129,75.825
Emiratos Árabes Unidos,2008,79.75,77.488,76.027
Emiratos Árabes Unidos,2009,79.982,78.003,76.233
Emiratos Árabes Unidos,2010,80.203,78.334,76.459
Emiratos Árabes Unidos,2011,80.415,78.517,76.665
Emiratos Árabes Unidos,2012,80.623,78.716,76.931
Emiratos Árabes Unidos,2013,80.828,78.853,77.084
Emiratos Árabes Unidos,2014,81.023,79.044,77.331
Emiratos Árabes Unidos,2015,81.212,79.223,77.563
Emiratos Árabes Unidos,2016,81.396,79.335,77.684
Emiratos Árabes Unidos,2017,81.626,79.504,77.871
Emiratos Árabes Unidos,2018,81.79,79.627,78.028
Emiratos Árabes Unidos,2019,81.907,79.726,78.175
Emiratos Árabes Unidos,2020,81.112,78.946,77.464
Emiratos Árabes Unidos,2021,80.937,78.71,77.216
España,1987,80.17,76.72804878048782,73.45
España,1988,80.23,76.74707317073171,73.43
España,1989,80.44,76.81365853658538,73.36
España,1990,80.51,76.83756097560976,73.34
España,1991,80.7,76.97121951219513,73.42
España,1992,81.19,77.41,73.81
España,1993,81.26,77.54658536585367,74.01
España,1994,81.62,77.90146341463415,74.36
España,1995,81.73,77.98073170731708,74.41
España,1996,81.88,78.12048780487805,74.54
España,1997,82.21,78.60414634146342,75.17
España,1998,82.2,78.66585365853659,75.3
España,1999,82.2,78.71707317073172,75.4
España,2000,82.5,78.96585365853659,75.6
España,2001,82.8,79.36829268292684,76.1
España,2002,83.0,79.56829268292684,76.3
España,2003,83.0,79.61951219512197,76.4
España,2004,83.2,79.87073170731709,76.7
España,2005,83.5,80.17073170731709,77.0
España,2006,84.1,80.8219512195122,77.7
España,2007,84.1,80.87317073170732,77.8
España,2008,84.3,81.17560975609757,78.2
España,2009,84.6,81.47560975609755,78.5
España,2010,84.7,81.6268292682927,78.7
España,2011,85.6,82.47560975609757,79.5
España,2012,85.5,82.4268292682927,79.5
España,2013,86.1,83.07804878048782,80.2
España,2014,86.2,83.22926829268293,80.4
España,2015,85.7,82.83170731707318,80.1
España,2016,86.3,83.32926829268293,80.5
España,2017,86.1,83.28292682926829,80.6
España,2018,86.3,83.43170731707319,80.7
España,2019,86.7,83.83170731707318,81.1
España,2020,85.2,82.33170731707318,79.6
España,2021,86.2,83.1780487804878,80.3
Estados Unidos,1987,78.3,74.7658536585366,71.4
Estados Unidos,1988,78.3,74.7658536585366,71.4
Estados Unidos,1989,78.5,75.01707317073172,71.7
Estados Unidos,1990,78.8,75.21463414634147,71.8
Estados Unidos,1991,78.9,75.3658536585366,72.0
Estados Unidos,1992,79.1,75.6170731707317,72.3
Estados Unidos,1993,78.8,75.41951219512197,72.2
Estados Unidos,1994,79.0,75.61951219512196,72.4
Estados Unidos,1995,78.9,75.6219512195122,72.5
Estados Unidos,1996,79.1,76.02682926829269,73.1
Estados Unidos,1997,79.4,76.42926829268293,73.6
Estados Unidos,1998,79.5,76.58048780487806,73.8
Estados Unidos,1999,79.4,76.5829268292683,73.9
Estados Unidos,2000,79.3,76.63658536585366,74.1
Estados Unidos,2001,79.5,76.83658536585367,74.3
Estados Unidos,2002,79.6,76.93658536585366,74.4
Estados Unidos,2003,79.7,77.03658536585367,74.5
Estados Unidos,2004,80.1,77.48780487804878,75.0
Estados Unidos,2005,80.1,77.48780487804878,75.0
Estados Unidos,2006,80.3,77.68780487804878,75.2
Estados Unidos,2007,80.6,77.98780487804879,75.5
Estados Unidos,2008,80.6,78.03902439024391,75.6
Estados Unidos,2009,80.9,78.39024390243902,76.0
Estados Unidos,2010,81.0,78.54146341463415,76.2
Estados Unidos,2011,81.1,78.64146341463415,76.3
Estados Unidos,2012,81.2,78.74146341463415,76.4
Estados Unidos,2013,81.2,78.74146341463415,76.4
Estados Unidos,2014,81.3,78.84146341463415,76.5
Estados Unidos,2015,81.2,78.69024390243904,76.3
Estados Unidos,2016,81.1,78.53902439024391,76.1
Estados Unidos,2017,81.1,78.53902439024391,76.1
Estados Unidos,2018,81.2,78.63902439024392,76.2
Estados Unidos,2019,81.4,78.78780487804877,76.3
Estados Unidos,2020,79.9,76.98048780487805,74.2
Estados Unidos,2021,79.3,76.32926829268293,73.5
Federación de Rusia,1987,74.27,69.44000000000001,64.84
Federación de Rusia,1988,74.53,69.46439024390244,64.64
Federación de Rusia,1989,74.35,69.17170731707317,64.24
Federación de Rusia,1990,74.3,68.88609756097561,63.73
Federación de Rusia,1991,73.75,68.47439024390245,63.45
Federación de Rusia,1992,71.99,66.87317073170732,62.0
Federación de Rusia,1993,71.2,64.9358536585366,58.97
Federación de Rusia,1994,71.73,64.46707317073171,57.55
Federación de Rusia,1995,71.59,64.69073170731708,58.12
Federación de Rusia,1996,72.4,65.85414634146342,59.62
Federación de Rusia,1997,72.84,66.6987804878049,60.85
Federación de Rusia,1998,73.13,67.02975609756098,61.22
Federación de Rusia,1999,72.4,65.98219512195124,59.87
Federación de Rusia,2000,72.26,65.48365853658537,59.03
Federación de Rusia,2001,72.17,65.38341463414635,58.92
Federación de Rusia,2002,71.9,65.12878048780489,58.68
Federación de Rusia,2003,71.85,65.02756097560976,58.53
Federación de Rusia,2004,72.36,65.4709756097561,58.91
Federación de Rusia,2005,72.47,65.52975609756099,58.92
Federación de Rusia,2006,73.34,66.72756097560976,60.43
Federación de Rusia,2007,74.02,67.58682926829269,61.46
Federación de Rusia,2008,74.28,67.94926829268293,61.92
Federación de Rusia,2009,74.79,68.68463414634147,62.87
Federación de Rusia,2010,74.88,68.84121951219514,63.09
Federación de Rusia,2011,75.61,69.6839024390244,64.04
Federación de Rusia,2012,75.86,70.07219512195124,64.56
Federación de Rusia,2013,76.3,70.57878048780488,65.13
Federación de Rusia,2014,76.47,70.74365853658537,65.29
Federación de Rusia,2015,76.71,71.18341463414635,65.92
Federación de Rusia,2016,77.06,71.65121951219513,66.5
Federación de Rusia,2017,77.64,72.45146341463416,67.51
Federación de Rusia,2018,77.82,72.66219512195121,67.75
Federación de Rusia,2019,78.17,73.0839024390244,68.24
Federación de Rusia,2020,76.43,71.3387804878049,66.49
Federación de Rusia,2021,74.77,69.36121951219512,64.21
Fiji,1987,67.773,64.936,62.593
Fiji,1988,67.98,65.149,62.791
Fiji,1989,68.026,65.277,62.958
Fiji,1990,68.213,65.508,63.204
Fiji,1991,68.316,65.643,63.349
Fiji,1992,68.41,65.827,63.583
Fiji,1993,68.454,65.928,63.715
Fiji,1994,68.652,66.125,63.897
Fiji,1995,68.771,66.286,64.077
Fiji,1996,68.853,66.408,64.218
Fiji,1997,68.817,66.448,64.306
Fiji,1998,69.117,66.68,64.488
Fiji,1999,69.193,66.763,64.577
Fiji,2000,68.678,66.31,64.181
Fiji,2001,68.629,66.34,64.273
Fiji,2002,67.98,65.748,63.738
Fiji,2003,68.302,66.177,64.247
Fiji,2004,68.484,66.424,64.546
Fiji,2005,68.666,66.632,64.776
Fiji,2006,68.797,66.855,65.074
Fiji,2007,68.727,66.826,65.084
Fiji,2008,68.885,66.935,65.16
Fiji,2009,69.046,67.089,65.298
Fiji,2010,69.271,67.328,65.536
Fiji,2011,69.521,67.523,65.678
Fiji,2012,69.412,67.552,65.809
Fiji,2013,69.38,67.428,65.609
Fiji,2014,69.347,67.376,65.536
Fiji,2015,68.932,66.844,64.915
Fiji,2016,69.137,67.24,65.446
Fiji,2017,69.656,67.79,66.008
Fiji,2018,69.664,67.81,66.031
Fiji,2019,69.728,67.893,66.126
Fiji,2020,69.743,67.924,66.166
Fiji,2021,68.877,67.114,65.426
Finlandia,1987,78.71,74.5919512195122,70.67
Finlandia,1988,78.69,74.57707317073171,70.66
Finlandia,1989,78.9,74.79219512195124,70.88
Finlandia,1990,78.88,74.81317073170732,70.94
Finlandia,1991,79.32,75.22756097560976,71.33
Finlandia,1992,79.43,75.45536585365855,71.67
Finlandia,1993,79.48,75.70512195121952,72.11
Finlandia,1994,80.15,76.39560975609756,72.82
Finlandia,1995,80.21,76.40951219512196,72.79
Finlandia,1996,80.54,76.69341463414635,73.03
Finlandia,1997,80.51,76.87853658536586,73.42
Finlandia,1998,80.84,77.09073170731708,73.52
Finlandia,1999,81.02,77.29121951219513,73.74
Finlandia,2000,81.0,77.4658536585366,74.1
Finlandia,2001,81.5,77.96585365853659,74.6
Finlandia,2002,81.5,78.11951219512196,74.9
Finlandia,2003,81.8,78.36829268292684,75.1
Finlandia,2004,82.3,78.71463414634148,75.3
Finlandia,2005,82.3,78.8170731707317,75.5
Finlandia,2006,82.8,79.21463414634147,75.8
Finlandia,2007,82.9,79.26341463414636,75.8
Finlandia,2008,83.0,79.56829268292684,76.3
Finlandia,2009,83.1,79.71951219512196,76.5
Finlandia,2010,83.2,79.87073170731709,76.7
Finlandia,2011,83.8,80.47073170731709,77.3
Finlandia,2012,83.7,80.6268292682927,77.7
Finlandia,2013,84.1,80.97560975609757,78.0
Finlandia,2014,84.1,81.18048780487807,78.4
Finlandia,2015,84.4,81.48048780487807,78.7
Finlandia,2016,84.4,81.42926829268293,78.6
Finlandia,2017,84.5,81.6317073170732,78.9
Finlandia,2018,84.5,81.73414634146343,79.1
Finlandia,2019,84.8,81.9829268292683,79.3
Finlandia,2020,84.8,81.93170731707318,79.2
Finlandia,2021,84.7,81.93414634146342,79.3
Grecia,1987,78.827,76.27985365853658,73.854
Grecia,1988,79.637,76.98075609756097,74.451
Grecia,1989,79.3,76.6878048780488,74.2
Grecia,1990,79.5,76.93902439024392,74.5
Grecia,1991,79.8,77.13658536585366,74.6
Grecia,1992,80.2,77.3829268292683,74.7
Grecia,1993,79.9,77.39024390243904,75.0
Grecia,1994,80.2,77.63902439024392,75.2
Grecia,1995,80.3,77.58536585365854,75.0
Grecia,1996,80.4,77.68536585365854,75.1
Grecia,1997,80.8,78.13658536585366,75.6
Grecia,1998,80.4,77.83902439024392,75.4
Grecia,1999,80.6,77.98780487804879,75.5
Grecia,2000,80.5,77.8878048780488,75.4
Grecia,2001,81.0,78.38780487804878,75.9
Grecia,2002,81.1,78.64146341463415,76.3
Grecia,2003,81.3,78.84146341463415,76.5
Grecia,2004,81.6,79.0390243902439,76.6
Grecia,2005,81.8,79.23902439024391,76.8
Grecia,2006,82.0,79.43902439024392,77.0
Grecia,2007,82.0,79.43902439024392,77.0
Grecia,2008,82.5,79.93902439024392,77.5
Grecia,2009,82.8,80.18780487804878,77.7
Grecia,2010,83.0,80.3878048780488,77.9
Grecia,2011,83.6,80.73170731707317,78.0
Grecia,2012,83.4,80.63414634146342,78.0
Grecia,2013,84.0,81.28536585365853,78.7
Grecia,2014,84.1,81.38536585365853,78.8
Grecia,2015,83.7,81.03658536585367,78.5
Grecia,2016,84.0,81.3878048780488,78.9
Grecia,2017,83.9,81.28780487804877,78.8
Grecia,2018,84.4,81.7878048780488,79.3
Grecia,2019,84.2,81.63902439024392,79.2
Grecia,2020,83.9,81.28780487804877,78.8
Grecia,2021,83.0,80.1829268292683,77.5
India,1987,57.999,57.315,56.726
India,1988,58.546,57.777,57.113
India,1989,59.064,58.233,57.511
India,1990,59.537,58.652,57.876
India,1991,59.956,59.055,58.256
India,1992,60.335,59.452,58.66
India,1993,60.65,59.815,59.054
India,1994,61.007,60.216,59.483
India,1995,61.351,60.596,59.89
India,1996,61.733,60.984,60.277
India,1997,62.148,61.388,60.665
India,1998,62.595,61.792,61.028
India,1999,63.111,62.207,61.351
India,2000,63.639,62.669,61.754
India,2001,64.131,63.091,62.114
India,2002,64.729,63.616,62.573
India,2003,65.287,64.094,62.981
India,2004,65.831,64.524,63.313
India,2005,66.379,64.996,63.719
India,2006,66.891,65.412,64.053
India,2007,67.342,65.788,64.365
India,2008,67.786,66.149,64.654
India,2009,68.215,66.513,64.962
India,2010,68.645,66.909,65.327
India,2011,69.106,67.359,65.765
India,2012,69.592,67.887,66.324
India,2013,70.083,68.46,66.961
India,2014,70.602,69.074,67.651
India,2015,71.077,69.636,68.285
India,2016,71.503,70.117,68.81
India,2017,71.856,70.467,69.159
India,2018,72.142,70.71,69.367
India,2019,72.395,70.91,69.525
India,2020,71.824,70.15,68.615
India,2021,68.886,67.24,65.756
Japón,1987,81.39,78.42951219512197,75.61
Japón,1988,81.3,78.349756097561,75.54
Japón,1989,81.77,78.76853658536587,75.91
Japón,1990,81.9,78.83707317073173,75.92
Japón,1991,82.11,79.0368292682927,76.11
Japón,1992,82.22,79.08024390243904,76.09
Japón,1993,82.51,79.30365853658537,76.25
Japón,1994,82.98,79.69682926829269,76.57
Japón,1995,82.85,79.5360975609756,76.38
Japón,1996,83.59,80.21975609756099,77.01
Japón,1997,83.82,80.42414634146341,77.19
Japón,1998,84.01,80.50146341463416,77.16
Japón,1999,83.99,80.4609756097561,77.1
Japón,2000,84.6,81.07609756097563,77.72
Japón,2001,84.93,81.41634146341464,78.07
Japón,2002,85.23,81.69073170731708,78.32
Japón,2003,85.33,81.76,78.36
Japón,2004,85.59,82.03024390243904,78.64
Japón,2005,85.52,81.95512195121951,78.56
Japón,2006,85.81,82.3219512195122,79.0
Japón,2007,85.99,82.50707317073172,79.19
Japón,2008,86.05,82.58756097560978,79.29
Japón,2009,86.44,82.93146341463415,79.59
Japón,2010,86.3,82.84268292682927,79.55
Japón,2011,85.9,82.59121951219514,79.44
Japón,2012,86.41,83.09609756097561,79.94
Japón,2013,86.61,83.3319512195122,80.21
Japón,2014,86.83,83.5878048780488,80.5
Japón,2015,86.99,83.7939024390244,80.75
Japón,2016,87.14,83.9848780487805,80.98
Japón,2017,87.26,84.09975609756098,81.09
Japón,2018,87.32,84.2109756097561,81.25
Japón,2019,87.45,84.35634146341464,81.41
Japón,2020,87.71,84.56000000000002,81.56
Japón,2021,87.57,84.44560975609757,81.47
Kenya,1987,61.617,60.044,58.437
Kenya,1988,61.214,59.539,57.826
Kenya,1989,60.699,59.04,57.337
Kenya,1990,60.444,58.614,56.744
Kenya,1991,59.934,58.005,56.038
Kenya,1992,59.35,57.259,55.138
Kenya,1993,58.605,56.617,54.593
Kenya,1994,58.195,56.273,54.311
Kenya,1995,57.425,55.617,53.767
Kenya,1996,56.955,55.161,53.326
Kenya,1997,56.534,54.816,53.053
Kenya,1998,56.082,54.526,52.919
Kenya,1999,55.924,54.495,53.009
Kenya,2000,55.597,54.411,53.162
Kenya,2001,55.614,54.508,53.341
Kenya,2002,56.056,54.99,53.86
Kenya,2003,56.669,55.601,54.471
Kenya,2004,57.44,56.361,55.225
Kenya,2005,58.523,57.344,56.107
Kenya,2006,59.595,58.222,56.805
Kenya,2007,60.211,58.865,57.473
Kenya,2008,61.225,59.614,57.973
Kenya,2009,62.2,60.365,58.521
Kenya,2010,62.376,60.649,58.902
Kenya,2011,63.001,61.046,59.095
Kenya,2012,63.069,61.115,59.169
Kenya,2013,63.194,61.389,59.576
Kenya,2014,63.979,61.816,59.689
Kenya,2015,64.145,61.892,59.693
Kenya,2016,64.204,62.163,60.149
Kenya,2017,64.961,62.481,60.093
Kenya,2018,65.158,62.676,60.288
Kenya,2019,65.275,62.943,60.678
Kenya,2020,65.062,62.675,60.372
Kenya,2021,64.09,61.427,58.935
Marruecos,1987,62.207,60.711,59.289
Marruecos,1988,62.864,61.32,59.858
Marruecos,1989,63.464,61.899,60.417
Marruecos,1990,64.019,62.448,60.962
Marruecos,1991,64.52,62.946,61.459
Marruecos,1992,64.972,63.401,61.918
Marruecos,1993,65.495,63.872,62.341
Marruecos,1994,65.986,64.346,62.799
Marruecos,1995,66.385,64.736,63.181
Marruecos,1996,66.875,65.238,63.692
Marruecos,1997,67.268,65.629,64.079
Marruecos,1998,67.683,66.018,64.441
Marruecos,1999,68.126,66.406,64.777
Marruecos,2000,68.529,66.787,65.135
Marruecos,2001,68.902,67.18,65.542
Marruecos,2002,69.239,67.547,65.932
Marruecos,2003,69.593,67.915,66.31
Marruecos,2004,69.869,68.231,66.659
Marruecos,2005,70.398,68.704,67.077
Marruecos,2006,70.876,69.128,67.454
Marruecos,2007,71.34,69.604,67.942
Marruecos,2008,71.757,70.048,68.413
Marruecos,2009,72.142,70.458,68.846
Marruecos,2010,72.485,70.829,69.244
Marruecos,2011,73.023,71.269,69.601
Marruecos,2012,73.525,71.679,69.933
Marruecos,2013,73.976,72.122,70.371
Marruecos,2014,74.39,72.538,70.788
Marruecos,2015,74.777,72.92,71.166
Marruecos,2016,75.176,73.284,71.502
Marruecos,2017,75.664,73.66,71.783
Marruecos,2018,76.086,73.986,72.028
Marruecos,2019,76.448,74.27,72.245
Marruecos,2020,76.308,73.92,71.757
Marruecos,2021,76.398,74.042,71.893
México,1987,72.433,68.844,65.485
México,1988,72.862,69.253,65.877
México,1989,73.259,69.623,66.221
México,1990,73.647,69.971,66.533
México,1991,74.009,70.298,66.826
México,1992,74.357,70.616,67.112
México,1993,74.681,70.942,67.43
México,1994,74.99,71.279,67.781
México,1995,75.282,71.646,68.201
México,1996,75.566,72.037,68.674
México,1997,75.834,72.445,69.194
México,1998,76.082,72.845,69.717
México,1999,76.308,73.225,70.227
México,2000,76.512,73.569,70.692
México,2001,76.685,73.867,71.098
México,2002,76.826,74.106,71.422
México,2003,76.921,74.274,71.653
México,2004,76.983,74.372,71.781
México,2005,76.986,74.376,71.782
México,2006,76.981,74.331,71.697
México,2007,76.956,74.238,71.54
México,2008,76.952,74.152,71.376
México,2009,76.993,74.119,71.273
México,2010,77.117,74.19,71.295
México,2011,77.311,74.365,71.451
México,2012,77.535,74.574,71.651
México,2013,77.706,74.739,71.814
México,2014,77.782,74.797,71.859
México,2015,77.692,74.682,71.723
México,2016,77.486,74.412,71.398
México,2017,77.303,74.138,71.044
México,2018,77.286,74.015,70.829
México,2019,77.574,74.202,70.931
México,2020,74.314,70.133,66.334
México,2021,74.864,70.213,66.056
Nepal,1987,52.354,52.475,52.53
Nepal,1988,52.979,53.071,53.099
Nepal,1989,54.119,54.127,54.08
Nepal,1990,54.859,54.833,54.751
Nepal,1991,55.967,55.712,55.412
Nepal,1992,56.956,56.71,56.421
Nepal,1993,58.163,57.619,57.053
Nepal,1994,59.221,58.553,57.873
Nepal,1995,60.065,59.318,58.564
Nepal,1996,60.907,59.981,59.063
Nepal,1997,61.855,60.771,59.706
Nepal,1998,62.963,61.549,60.186
Nepal,1999,63.506,62.113,60.764
Nepal,2000,64.078,62.614,61.199
Nepal,2001,64.952,63.336,61.779
Nepal,2002,65.261,63.264,61.362
Nepal,2003,66.095,64.197,62.376
Nepal,2004,66.834,64.818,62.886
Nepal,2005,67.465,65.457,63.525
Nepal,2006,67.787,65.868,64.015
Nepal,2007,68.21,66.329,64.503
Nepal,2008,68.222,66.421,64.664
Nepal,2009,68.576,66.761,64.985
Nepal,2010,68.566,66.814,65.093
Nepal,2011,69.094,67.313,65.559
Nepal,2012,69.223,67.47,65.736
Nepal,2013,69.752,67.965,66.191
Nepal,2014,69.818,68.085,66.357
Nepal,2015,69.079,67.456,65.835
Nepal,2016,70.515,68.776,67.031
Nepal,2017,70.638,68.91,67.174
Nepal,2018,70.719,68.979,67.231
Nepal,2019,71.351,69.558,67.755
Nepal,2020,71.173,69.246,67.345
Nepal,2021,70.362,68.45,66.574
Noruega,1987,79.58,76.08170731707318,72.75
Noruega,1988,79.56,76.22048780487806,73.04
Noruega,1989,79.84,76.50048780487805,73.32
Noruega,1990,79.8,76.53731707317074,73.43
Noruega,1991,80.1,76.98073170731708,74.01
Noruega,1992,80.36,77.18439024390246,74.16
Noruega,1993,80.23,77.15170731707317,74.22
Noruega,1994,80.64,77.68975609756099,74.88
Noruega,1995,80.82,77.73658536585367,74.8
Noruega,1996,81.07,78.15048780487807,75.37
Noruega,1997,80.97,78.14268292682927,75.45
Noruega,1998,81.3,78.32926829268293,75.5
Noruega,1999,81.1,78.28292682926829,75.6
Noruega,2000,81.4,78.63414634146342,76.0
Noruega,2001,81.5,78.78536585365853,76.2
Noruega,2002,81.6,78.98780487804879,76.5
Noruega,2003,81.9,79.39024390243902,77.0
Noruega,2004,82.3,79.84146341463416,77.5
Noruega,2005,82.5,80.04146341463415,77.7
Noruega,2006,82.7,80.34390243902439,78.1
Noruega,2007,82.7,80.39512195121952,78.2
Noruega,2008,83.0,80.59268292682928,78.3
Noruega,2009,83.1,80.79512195121951,78.6
Noruega,2010,83.2,80.99756097560977,78.9
Noruega,2011,83.6,81.2951219512195,79.1
Noruega,2012,83.5,81.45121951219514,79.5
Noruega,2013,83.8,81.75121951219514,79.8
Noruega,2014,84.2,82.10000000000001,80.1
Noruega,2015,84.2,82.30487804878051,80.5
Noruega,2016,84.2,82.40731707317074,80.7
Noruega,2017,84.3,82.60975609756098,81.0
Noruega,2018,84.5,82.75853658536586,81.1
Noruega,2019,84.7,82.95853658536586,81.3
Noruega,2020,84.9,83.20975609756097,81.6
Noruega,2021,84.7,83.16341463414635,81.7
Nueva Zelandia,1987,77.2,74.17804878048781,71.3
Nueva Zelandia,1988,77.6,74.42439024390244,71.4
Nueva Zelandia,1989,78.0,74.82439024390244,71.8
Nueva Zelandia,1990,78.4,75.37804878048782,72.5
Nueva Zelandia,1991,78.9,76.03170731707318,73.3
Nueva Zelandia,1992,79.3,76.12439024390245,73.1
Nueva Zelandia,1993,79.2,76.43414634146342,73.8
Nueva Zelandia,1994,79.7,76.8829268292683,74.2
Nueva Zelandia,1995,79.5,76.73414634146343,74.1
Nueva Zelandia,1996,79.4,76.7878048780488,74.3
Nueva Zelandia,1997,80.1,77.33414634146342,74.7
Nueva Zelandia,1998,80.8,78.08536585365854,75.5
Nueva Zelandia,1999,80.4,77.89024390243904,75.5
Nueva Zelandia,2000,81.3,78.63658536585366,76.1
Nueva Zelandia,2001,81.1,78.69268292682928,76.4
Nueva Zelandia,2002,81.1,78.84634146341463,76.7
Nueva Zelandia,2003,81.4,79.14634146341464,77.0
Nueva Zelandia,2004,81.7,79.54878048780488,77.5
Nueva Zelandia,2005,81.9,79.85121951219514,77.9
Nueva Zelandia,2006,82.2,80.04878048780489,78.0
Nueva Zelandia,2007,82.2,80.15121951219513,78.2
Nueva Zelandia,2008,82.4,80.35121951219514,78.4
Nueva Zelandia,2009,82.7,80.70243902439024,78.8
Nueva Zelandia,2010,82.8,80.90487804878049,79.1
Nueva Zelandia,2011,83.0,81.15609756097562,79.4
Nueva Zelandia,2012,83.2,81.40731707317073,79.7
Nueva Zelandia,2013,83.3,81.40487804878049,79.6
Nueva Zelandia,2014,83.27,81.4568292682927,79.73
Nueva Zelandia,2015,83.4,81.61243902439026,79.91
Nueva Zelandia,2016,83.4,81.65853658536587,80.0
Nueva Zelandia,2017,83.6,81.85853658536587,80.2
Nueva Zelandia,2018,83.5,81.70731707317074,80.0
Nueva Zelandia,2019,83.9,82.05609756097562,80.3
Nueva Zelandia,2020,84.1,82.25609756097562,80.5
Nueva Zelandia,2021,84.0,82.20731707317074,80.5
Níger,1987,40.45,40.433,40.325
Níger,1988,40.809,40.79,40.677
Níger,1989,41.311,41.221,41.032
Níger,1990,42.039,41.852,41.564
Níger,1991,42.514,42.218,41.823
Níger,1992,43.325,42.947,42.472
Níger,1993,44.255,43.817,43.283
Níger,1994,45.219,44.714,44.117
Níger,1995,46.154,45.774,45.3
Níger,1996,47.079,46.676,46.184
Níger,1997,47.917,47.505,47.008
Níger,1998,48.668,48.191,47.63
Níger,1999,49.15,48.738,48.245
Níger,2000,49.686,49.322,48.881
Níger,2001,50.197,49.841,49.411
Níger,2002,50.915,50.562,50.139
Níger,2003,51.63,51.434,51.173
Níger,2004,53.007,52.589,52.107
Níger,2005,54.042,53.59,53.077
Níger,2006,55.11,54.596,54.026
Níger,2007,56.133,55.553,54.922
Níger,2008,57.118,56.508,55.85
Níger,2009,58.006,57.396,56.742
Níger,2010,59.041,58.367,57.654
Níger,2011,59.692,58.994,58.263
Níger,2012,60.252,59.65,59.013
Níger,2013,60.952,60.239,59.499
Níger,2014,61.544,60.786,60.006
Níger,2015,62.095,61.083,60.069
Níger,2016,62.599,61.629,60.656
Níger,2017,63.145,62.16,61.176
Níger,2018,63.295,62.454,61.611
Níger,2019,63.939,62.897,61.868
Níger,2020,62.454,61.451,60.472
Níger,2021,62.794,61.576,60.407
Países Bajos,1987,80.06,76.70512195121951,73.51
Países Bajos,1988,80.24,76.89024390243902,73.7
Países Bajos,1989,79.92,76.73414634146343,73.7
Países Bajos,1990,80.11,76.8780487804878,73.8
Países Bajos,1991,80.15,77.00000000000001,74.0
Países Bajos,1992,80.28,77.21707317073172,74.3
Países Bajos,1993,80.0,76.91658536585366,73.98
Países Bajos,1994,80.31,77.37512195121951,74.58
Países Bajos,1995,80.36,77.40463414634148,74.59
Países Bajos,1996,80.35,77.43560975609756,74.66
Países Bajos,1997,80.55,77.79439024390244,75.17
Países Bajos,1998,80.7,77.88292682926831,75.2
Países Bajos,1999,80.5,77.83658536585367,75.3
Países Bajos,2000,80.6,77.98780487804879,75.5
Países Bajos,2001,80.7,78.19024390243904,75.8
Países Bajos,2002,80.7,78.29268292682927,76.0
Países Bajos,2003,80.9,78.49268292682929,76.2
Países Bajos,2004,81.4,79.09512195121953,76.9
Países Bajos,2005,81.6,79.34634146341465,77.2
Países Bajos,2006,81.9,79.69756097560976,77.6
Países Bajos,2007,82.3,80.09756097560975,78.0
Países Bajos,2008,82.3,80.25121951219512,78.3
Países Bajos,2009,82.7,80.54878048780489,78.5
Países Bajos,2010,82.7,80.70243902439024,78.8
Países Bajos,2011,83.1,81.2048780487805,79.4
Países Bajos,2012,83.0,81.10487804878049,79.3
Países Bajos,2013,83.2,81.3048780487805,79.5
Países Bajos,2014,83.5,81.70731707317074,80.0
Países Bajos,2015,83.2,81.509756097561,79.9
Países Bajos,2016,83.2,81.5609756097561,80.0
Países Bajos,2017,83.4,81.76097560975612,80.2
Países Bajos,2018,83.4,81.81219512195123,80.3
Países Bajos,2019,83.7,82.11219512195122,80.6
Países Bajos,2020,83.1,81.35853658536585,79.7
Países Bajos,2021,83.1,81.4609756097561,79.9
Reino Unido,1987,78.2,75.28048780487805,72.5
Reino Unido,1988,78.3,75.38048780487806,72.6
Reino Unido,1989,78.4,75.58292682926832,72.9
Reino Unido,1990,78.8,75.88048780487806,73.1
Reino Unido,1991,78.9,76.08292682926832,73.4
Reino Unido,1992,79.2,76.43414634146342,73.8
Reino Unido,1993,79.1,76.38536585365853,73.8
Reino Unido,1994,79.6,76.88536585365854,74.3
Reino Unido,1995,79.5,76.83658536585367,74.3
Reino Unido,1996,79.7,77.08780487804879,74.6
Reino Unido,1997,79.9,77.21097560975612,74.65
Reino Unido,1998,79.7,77.19024390243904,74.8
Reino Unido,1999,79.9,77.39024390243904,75.0
Reino Unido,2000,80.2,77.74146341463415,75.4
Reino Unido,2001,80.4,77.99268292682927,75.7
Reino Unido,2002,80.5,78.14390243902439,75.9
Reino Unido,2003,80.7,78.44634146341464,76.3
Reino Unido,2004,81.0,78.74634146341464,76.6
Reino Unido,2005,81.2,79.04878048780489,77.0
Reino Unido,2006,81.4,79.2487804878049,77.2
Reino Unido,2007,81.6,79.44878048780488,77.4
Reino Unido,2008,81.7,79.60000000000001,77.6
Reino Unido,2009,82.1,80.05121951219512,78.1
Reino Unido,2010,82.4,80.40243902439025,78.5
Reino Unido,2011,83.0,80.95121951219512,79.0
Reino Unido,2012,82.8,80.90487804878049,79.1
Reino Unido,2013,82.9,81.0048780487805,79.2
Reino Unido,2014,83.2,81.3048780487805,79.5
Reino Unido,2015,82.8,80.95609756097562,79.2
Reino Unido,2016,83.0,81.15609756097562,79.4
Reino Unido,2017,83.1,81.2560975609756,79.5
Reino Unido,2018,83.1,81.2560975609756,79.5
Reino Unido,2019,83.3,81.40487804878049,79.6
Reino Unido,2020,82.4,80.35121951219514,78.4
Reino Unido,2021,82.8,80.7,78.7
Rwanda,1987,53.483,51.477,49.589
Rwanda,1988,52.678,50.976,49.355
Rwanda,1989,51.744,50.22,48.763
Rwanda,1990,50.473,48.431,46.517
Rwanda,1991,48.741,46.519,44.454
Rwanda,1992,46.711,44.319,42.12
Rwanda,1993,44.668,42.166,39.888
Rwanda,1994,15.663,14.098,13.071
Rwanda,1995,41.756,39.969,38.147
Rwanda,1996,42.153,40.698,39.2
Rwanda,1997,42.451,40.64,38.784
Rwanda,1998,43.651,41.681,39.662
Rwanda,1999,45.794,44.616,43.38
Rwanda,2000,48.281,47.129,45.902
Rwanda,2001,50.11,49.021,47.849
Rwanda,2002,51.87,51.032,50.124
Rwanda,2003,54.007,53.368,52.672
Rwanda,2004,56.236,55.491,54.666
Rwanda,2005,58.206,57.316,56.316
Rwanda,2006,59.802,58.714,57.491
Rwanda,2007,61.158,59.965,58.628
Rwanda,2008,62.523,61.134,59.582
Rwanda,2009,63.403,61.958,60.349
Rwanda,2010,64.181,62.54,60.738
Rwanda,2011,65.09,63.261,61.247
Rwanda,2012,65.873,64.009,61.946
Rwanda,2013,66.089,64.426,62.571
Rwanda,2014,66.906,64.94,62.764
Rwanda,2015,67.16,65.298,63.219
Rwanda,2016,67.924,65.737,63.33
Rwanda,2017,68.104,65.941,63.556
Rwanda,2018,68.266,66.251,64.013
Rwanda,2019,68.48,66.437,64.18
Rwanda,2020,68.996,66.774,64.358
Rwanda,2021,68.164,66.072,63.798
Samoa,1987,70.491,66.883,64.051
Samoa,1988,70.747,67.188,64.363
Samoa,1989,70.985,67.471,64.648
Samoa,1990,71.049,67.658,64.894
Samoa,1991,71.2,67.881,65.141
Samoa,1992,71.719,68.385,65.605
Samoa,1993,72.006,68.701,65.929
Samoa,1994,72.273,68.98,66.204
Samoa,1995,72.536,69.298,66.552
Samoa,1996,72.797,69.588,66.85
Samoa,1997,73.057,69.875,67.146
Samoa,1998,73.315,70.171,67.461
Samoa,1999,73.569,70.456,67.76
Samoa,2000,73.828,70.746,68.063
Samoa,2001,74.071,71.019,68.349
Samoa,2002,74.309,71.276,68.615
Samoa,2003,74.497,71.496,68.845
Samoa,2004,74.694,71.696,69.036
Samoa,2005,74.686,71.754,69.136
Samoa,2006,74.964,72.021,69.385
Samoa,2007,75.014,72.1,69.481
Samoa,2008,75.042,72.155,69.55
Samoa,2009,72.494,70.066,67.844
Samoa,2010,75.048,72.249,69.702
Samoa,2011,74.983,72.26,69.77
Samoa,2012,74.848,72.167,69.709
Samoa,2013,75.099,72.391,69.916
Samoa,2014,75.142,72.463,70.015
Samoa,2015,75.188,72.515,70.077
Samoa,2016,75.215,72.54,70.107
Samoa,2017,75.27,72.59,70.158
Samoa,2018,75.314,72.636,70.211
Samoa,2019,74.805,72.157,69.767
Samoa,2020,75.459,72.768,70.341
Samoa,2021,75.503,72.767,70.312
Sierra Leona,1987,45.2,44.047,42.885
Sierra Leona,1988,45.186,44.047,42.901
Sierra Leona,1989,45.096,44.021,42.935
Sierra Leona,1990,45.105,44.057,42.996
Sierra Leona,1991,44.715,43.506,42.297
Sierra Leona,1992,44.896,43.621,42.352
Sierra Leona,1993,44.833,43.594,42.358
Sierra Leona,1994,44.276,42.925,41.588
Sierra Leona,1995,44.282,42.716,41.187
Sierra Leona,1996,44.776,43.68,42.577
Sierra Leona,1997,44.857,43.715,42.569
Sierra Leona,1998,44.685,42.789,40.975
Sierra Leona,1999,45.379,42.071,39.117
Sierra Leona,2000,45.98,45.05,44.097
Sierra Leona,2001,46.602,45.661,44.695
Sierra Leona,2002,47.127,46.359,45.557
Sierra Leona,2003,47.71,46.963,46.181
Sierra Leona,2004,48.235,47.577,46.881
Sierra Leona,2005,48.848,48.237,47.587
Sierra Leona,2006,49.865,49.323,48.739
Sierra Leona,2007,51.037,50.365,49.656
Sierra Leona,2008,52.251,51.526,50.765
Sierra Leona,2009,53.363,52.626,51.852
Sierra Leona,2010,54.49,53.693,52.863
Sierra Leona,2011,55.441,54.62,53.766
Sierra Leona,2012,56.321,55.451,54.55
Sierra Leona,2013,57.26,56.313,55.338
Sierra Leona,2014,57.337,56.393,55.422
Sierra Leona,2015,58.202,57.189,56.151
Sierra Leona,2016,59.556,58.404,57.235
Sierra Leona,2017,59.794,58.652,57.491
Sierra Leona,2018,61.168,59.796,58.419
Sierra Leona,2019,61.554,60.255,58.941
Sierra Leona,2020,61.116,59.763,58.404
Sierra Leona,2021,61.354,60.062,58.758
Singapur,1987,76.7,74.54878048780488,72.5
Singapur,1988,76.9,74.69756097560976,72.6
Singapur,1989,77.2,74.94634146341464,72.8
Singapur,1990,77.6,75.29512195121951,73.1
Singapur,1991,77.9,75.64634146341463,73.5
Singapur,1992,78.2,75.94634146341464,73.8
Singapur,1993,78.3,76.04634146341465,73.9
Singapur,1994,78.4,76.19756097560976,74.1
Singapur,1995,78.6,76.2951219512195,74.1
Singapur,1996,78.9,76.59512195121953,74.4
Singapur,1997,79.1,76.89756097560975,74.8
Singapur,1998,79.4,77.30000000000001,75.3
Singapur,1999,79.6,77.55121951219512,75.6
Singapur,2000,80.0,77.95121951219514,76.0
Singapur,2001,80.3,78.25121951219512,76.3
Singapur,2002,80.6,78.55121951219512,76.6
Singapur,2003,81.6,79.0390243902439,76.6
Singapur,2004,82.0,79.49024390243902,77.1
Singapur,2005,82.5,79.99024390243903,77.6
Singapur,2006,82.6,80.14146341463415,77.8
Singapur,2007,82.9,80.44146341463416,78.1
Singapur,2008,83.3,80.79024390243903,78.4
Singapur,2009,83.7,81.24146341463415,78.9
Singapur,2010,84.0,81.54146341463417,79.2
Singapur,2011,84.1,81.7439024390244,79.5
Singapur,2012,84.3,81.99512195121952,79.8
Singapur,2013,84.5,82.24634146341465,80.1
Singapur,2014,84.8,82.49512195121953,80.3
Singapur,2015,85.1,82.7439024390244,80.5
Singapur,2016,85.1,82.84634146341465,80.7
Singapur,2017,85.4,83.09512195121954,80.9
Singapur,2018,85.5,83.29756097560976,81.2
Singapur,2019,85.9,83.59512195121953,81.4
Singapur,2020,85.9,84.46585365853659,83.1
Singapur,2021,85.9,83.44146341463416,81.1
Sudáfrica,1987,65.968,63.041,60.011
Sudáfrica,1988,66.475,63.345,60.115
Sudáfrica,1989,66.356,63.31,60.143
Sudáfrica,1990,66.712,63.375,59.93
Sudáfrica,1991,66.945,63.265,59.506
Sudáfrica,1992,67.067,63.341,59.534
Sudáfrica,1993,66.832,63.045,59.103
Sudáfrica,1994,66.189,62.612,58.777
Sudáfrica,1995,65.749,62.262,58.441
Sudáfrica,1996,64.721,61.459,57.762
Sudáfrica,1997,63.828,60.805,57.276
Sudáfrica,1998,62.883,60.001,56.624
Sudáfrica,1999,62.008,59.241,55.991
Sudáfrica,2000,61.049,58.47,55.397
Sudáfrica,2001,59.47,57.261,54.565
Sudáfrica,2002,57.668,55.666,53.191
Sudáfrica,2003,56.232,54.331,51.97
Sudáfrica,2004,55.721,54.043,51.891
Sudáfrica,2005,55.431,53.98,52.064
Sudáfrica,2006,55.892,54.278,52.209
Sudáfrica,2007,56.852,54.992,52.691
Sudáfrica,2008,58.111,56.022,53.488
Sudáfrica,2009,59.722,57.447,54.728
Sudáfrica,2010,61.266,58.899,56.067
Sudáfrica,2011,63.111,60.651,57.731
Sudáfrica,2012,64.449,61.846,58.775
Sudáfrica,2013,65.267,62.533,59.352
Sudáfrica,2014,66.259,63.38,60.062
Sudáfrica,2015,66.781,63.95,60.709
Sudáfrica,2016,67.794,64.747,61.307
Sudáfrica,2017,68.43,65.402,61.954
Sudáfrica,2018,68.74,65.674,62.203
Sudáfrica,2019,69.107,66.175,62.834
Sudáfrica,2020,67.964,65.252,62.178
Sudáfrica,2021,64.999,62.341,59.458
Suiza,1987,80.66,77.19756097560976,73.9
Suiza,1988,80.73,77.22658536585367,73.89
Suiza,1989,80.94,77.42121951219514,74.07
Suiza,1990,80.71,77.24243902439024,73.94
Suiza,1991,81.1,77.51463414634145,74.1
Suiza,1992,81.33,77.80609756097562,74.45
Suiza,1993,81.43,78.08536585365856,74.9
Suiza,1994,81.71,78.35000000000001,75.15
Suiza,1995,81.69,78.41707317073171,75.3
Suiza,1996,82.0,78.89609756097562,75.94
Suiza,1997,82.04,79.07951219512196,76.26
Suiza,1998,82.5,79.32439024390246,76.3
Suiza,1999,82.5,79.58048780487805,76.8
Suiza,2000,82.6,79.68048780487806,76.9
Suiza,2001,83.1,80.18048780487806,77.4
Suiza,2002,83.1,80.38536585365854,77.8
Suiza,2003,83.2,80.53658536585368,78.0
Suiza,2004,83.7,81.0878048780488,78.6
Suiza,2005,83.9,81.23658536585367,78.7
Suiza,2006,84.0,81.49024390243903,79.1
Suiza,2007,84.2,81.74146341463415,79.4
Suiza,2008,84.4,81.99268292682927,79.7
Suiza,2009,84.4,82.0439024390244,79.8
Suiza,2010,84.5,82.24634146341465,80.1
Suiza,2011,85.0,82.69512195121952,80.5
Suiza,2012,84.9,82.69756097560976,80.6
Suiza,2013,85.0,82.79756097560977,80.7
Suiza,2014,85.4,83.19756097560976,81.1
Suiza,2015,85.1,82.89756097560976,80.8
Suiza,2016,85.6,83.60243902439025,81.7
Suiza,2017,85.6,83.55121951219512,81.6
Suiza,2018,85.7,83.75365853658538,81.9
Suiza,2019,85.8,83.90487804878049,82.1
Suiza,2020,85.1,83.0,81.0
Suiza,2021,85.9,83.85121951219513,81.9
Venezuela,1987,73.336,71.047,68.85
Venezuela,1988,73.638,71.252,68.967
Venezuela,1989,73.912,71.348,68.906
Venezuela,1990,73.857,71.532,69.293
Venezuela,1991,74.393,71.832,69.385
Venezuela,1992,74.347,71.806,69.373
Venezuela,1993,74.671,71.925,69.314
Venezuela,1994,74.729,71.853,69.126
Venezuela,1995,74.929,72.143,69.484
Venezuela,1996,74.832,72.111,69.504
Venezuela,1997,75.533,72.703,69.994
Venezuela,1998,75.775,72.668,69.725
Venezuela,1999,75.376,72.254,69.295
Venezuela,2000,76.145,72.478,69.073
Venezuela,2001,75.226,71.201,67.526
Venezuela,2002,76.378,72.662,69.188
Venezuela,2003,75.88,71.94,68.292
Venezuela,2004,76.319,72.514,68.95
Venezuela,2005,76.674,72.782,69.138
Venezuela,2006,76.886,72.742,68.894
Venezuela,2007,77.287,73.058,69.129
Venezuela,2008,76.91,72.436,68.325
Venezuela,2009,76.959,72.579,68.523
Venezuela,2010,77.139,72.89,68.918
Venezuela,2011,77.1,72.913,68.983
Venezuela,2012,77.416,73.036,68.949
Venezuela,2013,77.323,73.196,69.297
Venezuela,2014,77.075,72.853,68.887
Venezuela,2015,77.218,73.006,69.041
Venezuela,2016,76.742,72.058,67.757
Venezuela,2017,76.228,71.943,67.935
Venezuela,2018,76.431,71.979,67.832
Venezuela,2019,76.566,72.161,68.034
Venezuela,2020,75.814,71.095,66.739
Venezuela,2021,75.207,70.554,66.259
