país Name,Año,Crecimiento del PIB per cápita (% anual),PIB per cápita (US$ a precios actuales),Continente
Alemania,1987,1.2464996857811883,16677.510788159987,Europa
Alemania,1988,3.3028637218937433,17931.282322887593,Europa
Alemania,1989,3.096179999968186,17764.376445832982,Europa
Alemania,1990,4.351639054224393,22303.961326662753,Europa
Alemania,1991,4.345220055386818,23357.757725073017,Europa
Alemania,1992,1.151046331991438,26438.230388841715,Europa
Alemania,1993,-1.6256842842447838,25522.629573361766,Europa
Alemania,1994,2.0373542097317454,27076.606750140018,Europa
Alemania,1995,1.2461418756032572,31658.349378913532,Europa
Alemania,1996,0.5144372845997651,30485.866548227867,Europa
Alemania,1997,1.6433342731291987,26964.049467267312,Europa
Alemania,1998,1.9984853210730904,27289.059360319126,Europa
Alemania,1999,1.821428030580961,26734.942536925155,Europa
Alemania,2000,2.7732212509140197,23694.76048306727,Europa
Alemania,2001,1.510558260679403,23628.327212236705,Europa
Alemania,2002,-0.36562832726410477,25197.26560018477,Europa
Alemania,2003,-0.7550771666026037,30310.35759637738,Europa
Alemania,2004,1.1970553521184968,34106.65812240013,Europa
Alemania,2005,0.7889171158699213,34520.23964924959,Europa
Alemania,2006,3.9336103307084045,36353.8803343631,Europa
Alemania,2007,3.1142458826134884,41640.0808695147,Europa
Alemania,2008,1.1520297421751025,45612.71062214415,Europa
Alemania,2009,-5.454577169409447,41650.36782971622,Europa
Alemania,2010,4.339606777063537,41572.45594815173,Europa
Alemania,2011,5.869635737492175,46705.895796335666,Europa
Alemania,2012,0.23016099271195856,43855.854465861754,Europa
Alemania,2013,0.16387056297801905,46298.92291773445,Europa
Alemania,2014,1.7843418861469047,48023.86998454547,Europa
Alemania,2015,0.6171053532198982,41103.25643637683,Europa
Alemania,2016,1.408102075489225,42136.12079080027,Europa
Alemania,2017,2.297206047409489,44652.58917227226,Europa
Alemania,2018,0.6782125941107182,47939.27828844958,Europa
Alemania,2019,0.8289579621844752,46793.68676159953,Europa
Alemania,2020,-3.7754297140322852,46772.825350753665,Europa
Alemania,2021,2.583557474990357,51203.554473104334,Europa
Alemania,2022,0.7153800744842869,48432.455873259634,Europa
Arabia Saudita,1987,-10.651193048392798,6082.127065274118,Asia
Arabia Saudita,1988,8.313051546459093,5998.224246491963,Asia
Arabia Saudita,1989,-4.647389914788505,6210.052963047894,Asia
Arabia Saudita,1990,10.504030368867461,7349.703435464046,Asia
Arabia Saudita,1991,10.52259891487057,7939.297863538339,Asia
Arabia Saudita,1992,0.2142306273227348,7932.705910379821,Asia
Arabia Saudita,1993,-4.487074103726357,7450.658797573651,Asia
Arabia Saudita,1994,-2.2940224683883628,7359.448498222272,Asia
Arabia Saudita,1995,-2.553744055723101,7588.761234006844,Asia
Arabia Saudita,1996,-0.1197494908886938,8174.141608930373,Asia
Arabia Saudita,1997,-1.5740991007604492,8323.826698814843,Asia
Arabia Saudita,1998,0.2085058521642793,7169.366477467832,Asia
Arabia Saudita,1999,-6.223430445339616,7697.270684056763,Asia
Arabia Saudita,2000,2.9894609316719993,8795.260596418715,Asia
Arabia Saudita,2001,-3.6196018887454784,8337.322723660964,Asia
Arabia Saudita,2002,-5.127991759649987,8380.959295513772,Asia
Arabia Saudita,2003,8.707699557500106,9321.803873716759,Asia
Arabia Saudita,2004,5.627150949855931,10935.016589983656,Asia
Arabia Saudita,2005,2.3897295739023576,13462.763048926527,Asia
Arabia Saudita,2006,-1.2012887119077362,14848.60205803083,Asia
Arabia Saudita,2007,-2.077052713135089,15756.19362265297,Asia
Arabia Saudita,2008,2.232938638121823,18944.857349436297,Asia
Arabia Saudita,2009,-5.65741803716746,15064.631280689628,Asia
Arabia Saudita,2010,1.72483390724922,17958.947831333062,Asia
Arabia Saudita,2011,8.273244385977165,22441.571143891022,Asia
Arabia Saudita,2012,3.133563624990529,24069.20331481315,Asia
Arabia Saudita,2013,0.6910655267486732,23945.5123106892,Asia
Arabia Saudita,2014,1.9453019197814427,23862.80118600958,Asia
Arabia Saudita,2015,2.6945210775630244,20442.366063161295,Asia
Arabia Saudita,2016,0.3216437167875057,19930.40754381599,Asia
Arabia Saudita,2017,-2.34006849997688,20910.48296179713,Asia
Arabia Saudita,2018,0.3412128542658053,24175.583123744946,Asia
Arabia Saudita,2019,-1.445208185345976,23405.70610877359,Asia
Arabia Saudita,2020,-4.792467570291208,20398.060987369907,Asia
Arabia Saudita,2021,4.056751495710714,24160.67604553066,Asia
Arabia Saudita,2022,7.374954355124984,30436.278303402527,Asia
Argelia,1987,-3.6620096934860698,2829.8794685513617,África
Argelia,1988,-3.6826244365826426,2437.378060375308,África
Argelia,1989,1.6882789835677556,2235.2680242063316,África
Argelia,1990,-1.6829279498054177,2431.551269203994,África
Argelia,1991,-3.5281678624477166,1749.286087489665,África
Argelia,1992,-0.5383037125267691,1794.6235074051515,África
Argelia,1993,-4.268935462089146,1825.875122637448,África
Argelia,1994,-2.9669142067406398,1522.8252100877344,África
Argelia,1995,1.8280369768572058,1466.5446906338232,África
Argelia,1996,2.28047201241705,1619.5324025674872,África
Argelia,1997,-0.5854453185753954,1634.4674098812914,África
Argelia,1998,3.5243219567294233,1610.302968475066,África
Argelia,1999,1.7668667166272911,1602.8649145582024,África
Argelia,2000,2.3545802689438347,1780.3760706915123,África
Argelia,2001,1.5924966152987707,1754.582364762943,África
Argelia,2002,4.1851601039969495,1794.811114231999,África
Argelia,2003,5.75804170531535,2117.0482289928673,África
Argelia,2004,2.8424936385360553,2624.79523151946,África
Argelia,2005,4.465245065242968,3131.328175652422,África
Argelia,2006,0.2448737378945509,3500.134609887463,África
Argelia,2007,1.7303693308357282,3971.803488282229,África
Argelia,2008,0.6648815757757518,4946.564017207589,África
Argelia,2009,-0.20835166149551299,3898.47880576084,África
Argelia,2010,1.6921700996968667,4495.921455483428,África
Argelia,2011,0.9649775751273637,5473.281801103243,África
Argelia,2012,1.4102266627269273,5610.733306103322,África
Argelia,2013,0.7979678124249858,5519.77757552373,África
Argelia,2014,1.7659412313792302,5516.229463215619,África
Argelia,2015,1.6466572591570952,4197.419971018676,África
Argelia,2016,1.1631475774583464,3967.200659521072,África
Argelia,2017,-0.6631711934028317,4134.936098981946,África
Argelia,2018,-0.7079504811735546,4171.795309035324,África
Argelia,2019,-0.8408566578989962,4021.9836079660345,África
Argelia,2020,-6.729941650752281,3354.1573026511446,África
Argelia,2021,1.700063767414477,3700.3111946085655,África
Argelia,2022,1.4347767647855818,4273.922183115151,África
Argentina,1987,1.164689931348974,3485.6902320469453,América del Sur
Argentina,1988,-2.5703918325237254,4004.009588939667,América del Sur
Argentina,1989,-8.527911410600893,2382.338065884175,América del Sur
Argentina,1990,-3.877389883057262,4330.967451086656,América del Sur
Argentina,1991,7.589999663851188,5730.7238098842345,América del Sur
Argentina,1992,6.450073130906105,6815.331622935571,América del Sur
Argentina,1993,6.747497372254017,6957.417498892505,América del Sur
Argentina,1994,4.420120784864352,7464.474736881904,América del Sur
Argentina,1995,-4.116880800617139,7383.7045096006395,América del Sur
Argentina,1996,4.204967318584266,7690.157002547828,América del Sur
Argentina,1997,6.823321092393414,8176.771195174354,América del Sur
Argentina,1998,2.6543475973445823,8250.673174143214,América del Sur
Argentina,1999,-4.492112128935986,7735.322080184856,América del Sur
Argentina,2000,-1.9069874983516684,7666.5178342378285,América del Sur
Argentina,2001,-5.45379697848054,7168.975872329107,América del Sur
Argentina,2002,-11.845950393822704,2579.4887693328405,América del Sur
Argentina,2003,7.719229636637209,3333.1529038899735,América del Sur
Argentina,2004,7.928157050804188,4258.160260608751,América del Sur
Argentina,2005,7.732496998516908,5086.627760731341,América del Sur
Argentina,2006,6.934981737644492,5890.978001697949,América del Sur
Argentina,2007,7.916210571644584,7210.595547558988,América del Sur
Argentina,2008,3.0297854066404284,8977.50685093365,América del Sur
Argentina,2009,-6.867955225069807,8184.389889239906,América del Sur
Argentina,2010,9.84429639847724,10385.964431955526,América del Sur
Argentina,2011,4.788683138594351,12848.740476259789,América del Sur
Argentina,2012,-2.1452844498181207,13082.664325571988,América del Sur
Argentina,2013,1.2656851753707627,13080.254732336658,América del Sur
Argentina,2014,-3.5785805098328893,12334.79824538929,América del Sur
Argentina,2015,1.6296642794626308,13789.060424772022,América del Sur
Argentina,2016,-3.110063898214648,12790.264063920065,América del Sur
Argentina,2017,1.7576481826569363,14613.03571470401,América del Sur
Argentina,2018,-3.6016097565715484,11795.162885223583,América del Sur
Argentina,2019,-2.969562498662185,9963.67423069626,América del Sur
Argentina,2020,-10.812610852294839,8496.428156755004,América del Sur
Argentina,2021,9.35717585932072,10636.115530198644,América del Sur
Argentina,2022,4.273163737723934,13686.008673731694,América del Sur
Australia,1987,1.0109943412715836,11650.841874797641,Oceanía
Australia,1988,4.041072280048482,14284.429203494705,Oceanía
Australia,1989,2.1317404231453168,17834.447850395634,Oceanía
Australia,1990,2.0547938113721216,18249.533940858022,Oceanía
Australia,1991,-1.6447530474527952,18860.273198656676,Oceanía
Australia,1992,-0.6895060149300747,18624.590892436816,Oceanía
Australia,1993,3.125986342014798,17700.115555789413,Oceanía
Australia,1994,2.9842977952299776,18129.790719860124,Oceanía
Australia,1995,2.736499285537917,20446.719847471264,Oceanía
Australia,1996,2.6037902805127686,22020.079798701558,Oceanía
Australia,1997,2.794518341543167,23645.057487534246,Oceanía
Australia,1998,3.575818586834174,21478.385157334633,Oceanía
Australia,1999,3.814385370046409,20698.712702816738,Oceanía
Australia,2000,2.7188293696713117,21853.44999335725,Oceanía
Australia,2001,0.7396133578022415,19681.645032653418,Oceanía
Australia,2002,2.817325412804948,20290.780418905306,Oceanía
Australia,2003,1.9322128506920961,23705.907216391657,Oceanía
Australia,2004,3.10828675546351,30819.993486774467,Oceanía
Australia,2005,1.9056833681906795,34460.542997047945,Oceanía
Australia,2006,1.3635140292900871,36570.76306990086,Oceanía
Australia,2007,1.9011506773604054,41023.75485622932,Oceanía
Australia,2008,1.5135101998810114,49681.21907397707,Oceanía
Australia,2009,-0.20740928967616412,42810.465839181714,Oceanía
Australia,2010,0.6288365981693858,52132.46960793504,Oceanía
Australia,2011,0.978468035158599,62598.68661769793,Oceanía
Australia,2012,2.1038081102608714,68047.3781775015,Oceanía
Australia,2013,0.828325557835214,68156.38610472687,Oceanía
Australia,2014,1.0603370846910423,62515.31483150077,Oceanía
Australia,2015,0.6930658227276183,56708.961196740034,Oceanía
Australia,2016,1.1384243396532554,49876.712376124546,Oceanía
Australia,2017,0.6049634077278654,53934.154374125326,Oceanía
Australia,2018,1.3482827523870355,57206.99066968976,Oceanía
Australia,2019,0.6651511448472434,54941.06572028425,Oceanía
Australia,2020,-1.2783580593648338,51722.069000153075,Oceanía
Australia,2021,2.1057112289068556,60444.50235519775,Oceanía
Australia,2022,2.457502627986557,64491.42988606309,Oceanía
Austria,1987,1.2930452791779885,16392.769523474904,Europa
Austria,1988,3.1497465084623855,17578.618939739667,Europa
Austria,1989,3.420101784771461,17468.946137256946,Europa
Austria,1990,3.553547646971225,21680.989623313002,Europa
Austria,1991,2.4139864538772287,22410.911766665427,Europa
Austria,1992,0.9760922400466399,24880.164118036148,Europa
Austria,1993,-0.29875436100003583,24081.52779280042,Europa
Austria,1994,2.0087619437807973,25646.70065916842,Europa
Austria,1995,2.5109126936983444,30325.849581839615,Europa
Austria,1996,2.2114349326934075,29809.076773082146,Europa
Austria,1997,1.9779759080570187,26705.47859938913,Europa
Austria,1998,3.46782994124915,27361.875110643698,Europa
Austria,1999,3.3550446614236193,27183.475926395644,Europa
Austria,2000,3.1274366501477147,24625.600722743384,Europa
Austria,2001,0.8802590978861105,24558.763677886778,Europa
Austria,2002,1.152676331357739,26527.59309103471,Europa
Austria,2003,0.4509465272345352,32294.04886065587,Europa
Austria,2004,2.099711168897116,36889.23351351943,Europa
Austria,2005,1.549877316935877,38417.45778576772,Europa
Austria,2006,2.943417858704464,40669.326958615246,Europa
Austria,2007,3.3917308268146087,46915.33740045066,Europa
Austria,2008,1.1433071188860424,51919.98357542264,Europa
Austria,2009,-4.016340042117719,48153.32401996311,Europa
Austria,2010,1.5925771284998689,46903.7615854354,Europa
Austria,2011,2.5764483181144584,51442.276246441084,Europa
Austria,2012,0.2224505769430749,48564.91733508746,Europa
Austria,2013,-0.5622989425274483,50731.12725418508,Europa
Austria,2014,-0.12237066733756308,51786.37717478966,Europa
Austria,2015,-0.1115401895044954,44195.817594774824,Europa
Austria,2016,0.892469139632297,45307.587862044194,Europa
Austria,2017,1.5507240862715292,47429.15845643908,Europa
Austria,2018,1.927713059872957,51466.55656336244,Europa
Austria,2019,1.0669697061967724,50070.40334828921,Europa
Austria,2020,-6.841544703218204,48809.226876223474,Europa
Austria,2021,4.10231717627012,53637.70571098969,Europa
Austria,2022,3.9898689632767343,52131.446658638706,Europa
Brasil,1987,1.4785966672781825,1986.8341384584792,América del Sur
Brasil,1988,-1.9780448679361626,2119.6110811527865,América del Sur
Brasil,1989,1.243611572439022,2790.4142039498,América del Sur
Brasil,1990,-6.06555566873385,3085.396215533173,América del Sur
Brasil,1991,-0.7006962759058126,2659.048558344412,América del Sur
Brasil,1992,-2.179979805982441,2505.2250328729647,América del Sur
Brasil,1993,3.2425632721546265,2766.3284771875965,América del Sur
Brasil,1994,4.182955814957296,3393.142925598225,América del Sur
Brasil,1995,2.608090005801131,4704.961546109734,América del Sur
Brasil,1996,0.6565021628534708,5121.905407344642,América del Sur
Brasil,1997,1.8553430248840215,5240.128796066075,América del Sur
Brasil,1998,-1.1244424257402414,5049.766119579293,América del Sur
Brasil,1999,-0.9488459225517261,3456.4235948953715,América del Sur
Brasil,2000,2.9709107810716517,3726.8114204106764,América del Sur
Brasil,2001,0.05964894366840667,3142.2355284811683,América del Sur
Brasil,2002,1.7602427785657682,2824.715395826711,América del Sur
Brasil,2003,-0.051285666497420834,3056.6496800186765,América del Sur
Brasil,2004,4.561781957488392,3623.223904868153,América del Sur
Brasil,2005,2.055571501464428,4773.268480280376,América del Sur
Brasil,2006,2.847962007653095,5866.024313144053,América del Sur
Brasil,2007,4.980829920005036,7323.190340039277,América del Sur
Brasil,2008,4.061722166215631,8801.759475475019,América del Sur
Brasil,2009,-1.0732383326647863,8569.901805233814,América del Sur
Brasil,2010,6.522816179229267,11249.293741071773,América del Sur
Brasil,2011,3.013396272619744,13200.55816618789,América del Sur
Brasil,2012,1.0076540328270482,12327.515555834529,América del Sur
Brasil,2013,2.114256451943035,12258.564849171698,América del Sur
Brasil,2014,-0.35451480226443266,12071.404654748485,América del Sur
Brasil,2015,-4.358317179393367,8783.214413107182,América del Sur
Brasil,2016,-4.0574230024056845,8680.735420548273,América del Sur
Brasil,2017,0.5232965885742118,9896.717510996696,América del Sur
Brasil,2018,0.9789384926973952,9121.020092499584,América del Sur
Brasil,2019,0.44828040714865836,8845.323931241695,América del Sur
Brasil,2020,-3.918004171540389,6923.700197150645,América del Sur
Brasil,2021,4.435352819110022,7696.785531275621,América del Sur
Brasil,2022,2.428701759596393,8917.673897969275,América del Sur
Burkina Faso,1987,-2.9231444186842452,280.9527054389291,África
Burkina Faso,1988,3.0025674276016616,301.95348886846773,África
Burkina Faso,1989,-0.508371835133687,294.0437238607384,África
Burkina Faso,1990,-3.1732279441527567,339.63182258193893,África
Burkina Faso,1991,6.3481682941470865,334.7596542008092,África
Burkina Faso,1992,-2.205514144766994,349.70810797517913,África
Burkina Faso,1993,0.9219740416166502,325.1536659612283,África
Burkina Faso,1994,-1.2068200248774303,187.81513800367205,África
Burkina Faso,1995,3.0410404951730214,229.832660075479,África
Burkina Faso,1996,8.214114979288809,243.52692339500078,África
Burkina Faso,1997,3.6227263863073347,224.61134373363728,África
Burkina Faso,1998,4.398136184689605,250.41394456972316,África
Burkina Faso,1999,4.299232006918146,293.887444486119,África
Burkina Faso,2000,-1.1068508280879144,249.80207567945547,África
Burkina Faso,2001,3.4203728146196397,260.443473018265,África
Burkina Faso,2002,1.1931569551422996,286.75371507607235,África
Burkina Faso,2003,4.507163310778452,363.81835185104046,África
Burkina Faso,2004,1.250803724152135,405.4512762140855,África
Burkina Faso,2005,5.29343297349088,442.9444309232443,África
Burkina Faso,2006,2.986692133663894,457.3420749450073,África
Burkina Faso,2007,1.0013026274653782,516.7503279565396,África
Burkina Faso,2008,2.7310856339255025,621.8902711946489,África
Burkina Faso,2009,-0.012474271014013993,603.8775451231161,África
Burkina Faso,2010,5.305144555242535,627.2703954244254,África
Burkina Faso,2011,3.5027065941213067,727.6124749456088,África
Burkina Faso,2012,3.273591495689004,733.9728789367817,África
Burkina Faso,2013,2.6572953305616664,762.3037803312013,África
Burkina Faso,2014,1.2639963853762453,767.3713442452953,África
Burkina Faso,2015,0.877785604827011,632.1266858409437,África
Burkina Faso,2016,2.893498326906794,665.7863285281584,África
Burkina Faso,2017,3.203256836128162,711.1845439384117,África
Burkina Faso,2018,3.693513327596733,779.2027680607391,África
Burkina Faso,2019,2.868728152225401,772.1668775475443,África
Burkina Faso,2020,-0.7738474738612666,833.2443361060759,África
Burkina Faso,2021,4.1101403456320895,893.0771959862972,África
Burkina Faso,2022,-1.0855871860843962,832.8842656740754,África
Canadá,1987,2.7101049522438245,16377.905351085814,América del Norte
Canadá,1988,3.065042654777187,19012.559248042737,América del Norte
Canadá,1989,0.49758523548288736,20795.172532802353,América del Norte
Canadá,1990,-1.334143954295513,21526.347701573264,América del Norte
Canadá,1991,-3.295391699444693,21846.30024847541,América del Norte
Canadá,1992,-0.28703143167885514,20949.9332652006,América del Norte
Canadá,1993,1.5388610176998156,20186.988501314558,América del Norte
Canadá,1994,3.3562268029357654,19997.623737335394,América del Norte
Canadá,1995,1.6368094010836103,20678.950441558456,América del Norte
Canadá,1996,0.5624678619739143,21296.6344215798,América del Norte
Canadá,1997,3.248849308037748,21901.59404265016,América del Norte
Canadá,1998,3.037475991303751,21024.509932240995,América del Norte
Canadá,1999,4.311569369761912,22315.17428939991,América del Norte
Canadá,2000,4.202682574408371,24271.002056382138,América del Norte
Canadá,2001,0.6901612499970327,23821.445586737787,América del Norte
Canadá,2002,1.903852001506408,24255.33858183219,América del Norte
Canadá,2003,0.8880301542068452,28300.463096379102,América del Norte
Canadá,2004,2.129630940888589,32143.68140785615,América del Norte
Canadá,2005,2.2340594294425244,36382.50791645365,América del Norte
Canadá,2006,1.6025747643791988,40504.06072532028,América del Norte
Canadá,2007,1.0853673401941535,44659.89514080336,América del Norte
Canadá,2008,-0.08359243168291641,46710.505575901334,América del Norte
Canadá,2009,-4.028003080958129,40876.31015402949,América del Norte
Canadá,2010,1.950048333641476,47562.08342530565,América del Norte
Canadá,2011,2.14153573381914,52223.69611235603,América del Norte
Canadá,2012,0.6620006508510272,52669.08996323164,América del Norte
Canadá,2013,1.2536138133002481,52635.17495804325,América del Norte
Canadá,2014,1.841026124311412,50955.99832324041,América del Norte
Canadá,2015,-0.089285801148975,43596.13553655462,América del Norte
Canadá,2016,-0.13584262132191327,42315.60370568059,América del Norte
Canadá,2017,1.8112789168025927,45129.42929809223,América del Norte
Canadá,2018,1.33556428524561,46547.79518200364,América del Norte
Canadá,2019,0.43542633583611234,46374.15275171906,América del Norte
Canadá,2020,-6.088212049313739,43349.67785555699,América del Norte
Canadá,2021,4.409275153259287,52358.62164051552,América del Norte
Canadá,2022,1.5279904800077304,54966.48883610884,América del Norte
Chad,1987,-5.752943884995091,219.47921780314505,África
Chad,1988,11.645203633642168,270.39704975367465,África
Chad,1989,1.4152049691573865,252.82712695675906,África
Chad,1990,-6.751168525384372,298.36707923904146,África
Chad,1991,4.666821548141797,310.6595532506523,África
Chad,1992,3.5377767906862942,298.56731166940807,África
Chad,1993,-17.609865013306347,226.92115747686898,África
Chad,1994,7.719354653139646,178.95318092827995,África
Chad,1995,-3.111290586856228,209.8925997092247,África
Chad,1996,-2.206621114097345,223.233388057054,África
Chad,1997,2.100125421249757,207.31656125064737,África
Chad,1998,3.3689011043054933,226.3287721734126,África
Chad,1999,-4.07692600748058,192.269471956914,África
Chad,2000,-4.2070153698269905,168.11765824035032,África
Chad,2001,8.001053926786696,200.36100798113057,África
Chad,2002,4.814041636771506,225.94731112330265,África
Chad,2003,10.255771176146823,298.2498816117872,África
Chad,2004,27.831094649408655,460.0670180661963,África
Chad,2005,12.741160636271928,664.5976564608194,África
Chad,2006,-2.8531190501440875,716.6677685861782,África
Chad,2007,-0.16792346689481974,806.7103179886143,África
Chad,2008,-0.4379004424970674,936.49413616622,África
Chad,2009,0.6145013159902106,808.161522927009,África
Chad,2010,9.744973036731722,896.8767042162747,África
Chad,2011,-3.3540746851110157,988.194160636686,África
Chad,2012,5.150612145295312,969.6161419089015,África
Chad,2013,2.006313918483073,980.0835446662245,África
Chad,2014,3.150988590417853,1017.7877623455704,África
Chad,2015,-0.4530037690603166,774.4116031468973,África
Chad,2016,-9.16122585564682,691.9800773541401,África
Chad,2017,-6.1609051354326425,662.8974734338299,África
Chad,2018,-1.0265268880567646,720.2651009106929,África
Chad,2019,-0.09895856095990041,701.6212008114343,África
Chad,2020,-4.66133902000324,643.772216240999,África
Chad,2021,-4.276978783436675,685.690314996613,África
Chad,2022,-0.8996031805573352,716.8043812366511,África
China,1987,9.881163795854619,251.81195696132875,Asia
China,1988,9.446171356877684,283.5376952405244,Asia
China,1989,2.6208591749210086,310.88191240489954,Asia
China,1990,2.4065585719958307,317.88467304092774,Asia
China,1991,7.782091990507567,333.14214540018395,Asia
China,1992,12.833209580712321,366.4606923061157,Asia
China,1993,12.581996643928477,377.38983947890046,Asia
China,1994,11.766389145624629,473.4899347194764,Asia
China,1995,9.754954890202015,609.6043622588276,Asia
China,1996,8.776429810526423,709.4158882333685,Asia
China,1997,8.124497577017763,781.7425926472899,Asia
China,1998,6.816064564696305,828.5946576816633,Asia
China,1999,6.733485658434461,873.2976109691145,Asia
China,2000,7.638597676032944,959.3604120548512,Asia
China,2001,7.551654831552639,1053.112272017047,Asia
China,2002,8.404879975145647,1148.5141877268925,Asia
China,2003,9.35477664390774,1288.637543239452,Asia
China,2004,9.461558770499096,1508.6679459872614,Asia
China,2005,10.741375126402914,1753.414262931879,Asia
China,2006,12.09330469390244,2099.2193422910436,Asia
China,2007,13.635820500640762,2693.95855454419,Asia
China,2008,9.09028010153618,3468.3270630750435,Asia
China,2009,8.855947675555512,3832.2274278698,Asia
China,2010,10.102832622713947,4550.473924270812,Asia
China,2011,8.95381604183163,5614.385738512287,Asia
China,2012,7.134523777480268,6300.582352363125,Asia
China,2013,7.05073413381821,7020.385682084487,Asia
China,2014,6.750760315942728,7636.074222760039,Asia
China,2015,6.420736477230562,8016.446015856442,Asia
China,2016,6.238215447752253,8094.390375121634,Asia
China,2017,6.30186310052261,8817.045495663162,Asia
China,2018,6.251700555698832,9905.406117510398,Asia
China,2019,5.575316863038495,10143.860206037301,Asia
China,2020,1.9955580418692875,10408.719124774723,Asia
China,2021,8.350729714704116,12617.504986300362,Asia
China,2022,3.0042967632348194,12720.215639761242,Asia
Colombia,1987,3.1552102072517556,1188.5517771003967,América del Sur
Colombia,1988,1.8878556572511798,1254.5315461347657,América del Sur
Colombia,1989,1.2553432690044275,1238.6033669705191,América del Sur
Colombia,1990,2.1123985008656803,1467.5474360862693,América del Sur
Colombia,1991,-0.05615138371219075,1491.856728264452,América del Sur
Colombia,1992,2.001952160996609,1720.568556727053,América del Sur
Colombia,1993,3.3282368891755993,1920.3989667797337,América del Sur
Colombia,1994,3.77386715690713,2314.9009901463046,América del Sur
Colombia,1995,3.229305170740048,2571.468189966858,América del Sur
Colombia,1996,0.21025281620867986,2652.103880635046,América del Sur
Colombia,1997,1.6015035412979586,2860.040940871503,América del Sur
Colombia,1998,-1.1595499271394232,2595.543012053853,América del Sur
Colombia,1999,-5.794495364802117,2236.072925493951,América del Sur
Colombia,2000,1.2710826278582061,2546.8502131914893,América del Sur
Colombia,2001,0.08848385243211965,2465.0070112714784,América del Sur
Colombia,2002,0.9426932726711783,2421.1621034198865,América del Sur
Colombia,2003,2.3904480420867884,2305.170506710112,América del Sur
Colombia,2004,3.8393781659672186,2811.4594501599777,América del Sur
Colombia,2005,3.40689564779737,3448.5382735621374,América del Sur
Colombia,2006,5.339723444228682,3782.6035041303107,América del Sur
Colombia,2007,5.422847618792929,4762.0829729225525,América del Sur
Colombia,2008,2.0842423630240745,5534.68944688199,América del Sur
Colombia,2009,0.0016622794089613535,5245.9516649172,América del Sur
Colombia,2010,3.3237345057119683,6392.758025640318,América del Sur
Colombia,2011,5.784699765619877,7392.943599563198,América del Sur
Colombia,2012,2.837889026219216,8096.801509775269,América del Sur
Colombia,2013,4.098265908658874,8263.64192942212,América del Sur
Colombia,2014,3.5139534791281903,8167.472841562775,América del Sur
Colombia,2015,1.990616493633496,6228.651621860958,América del Sur
Colombia,2016,1.0022727252118955,5936.261021668293,América del Sur
Colombia,2017,-0.1619538749184386,6449.970987260735,América del Sur
Colombia,2018,0.6384396159931072,6782.037920331896,América del Sur
Colombia,2019,1.314952378424607,6436.509215295313,América del Sur
Colombia,2020,-8.605811526788884,5304.289128866366,América del Sur
Colombia,2021,9.753601488529554,6182.707098679686,América del Sur
Colombia,2022,6.755026326488263,6630.282726080538,América del Sur
Costa Rica,1987,2.015346171365991,1549.9418029355463,América Central
Costa Rica,1988,0.7832988887412426,1537.4612225191277,América Central
Costa Rica,1989,3.0049371976221124,1705.4316537981854,América Central
Costa Rica,1990,0.954542164963982,1808.49595860746,América Central
Costa Rica,1991,-0.2965315132770172,2221.4746532740173,América Central
Costa Rica,1992,6.488284175581541,2578.0250314437985,América Central
Costa Rica,1993,4.47326646558443,2814.0445478203205,América Central
Costa Rica,1994,2.0093629345231676,3005.540323364538,América Central
Costa Rica,1995,1.7138596036542424,3240.711145332335,América Central
Costa Rica,1996,-0.9607707092018245,3194.1129881855695,América Central
Costa Rica,1997,3.1297474910519867,3373.41058474058,América Central
Costa Rica,1998,4.8559714185958995,3580.933884692752,América Central
Costa Rica,1999,2.077614596372058,3653.7542083681465,América Central
Costa Rica,2000,1.8388735632559587,3773.033793196794,América Central
Costa Rica,2001,1.6009828031483124,3941.5986434920305,América Central
Costa Rica,2002,1.67593751729558,4021.42536130228,América Central
Costa Rica,2003,2.673776028605502,4123.506487103902,América Central
Costa Rica,2004,2.8484579850932334,4376.0804284726055,América Central
Costa Rica,2005,2.4567989684458666,4643.458569925874,América Central
Costa Rica,2006,5.799838281529858,5188.361792159645,América Central
Costa Rica,2007,6.707755265567499,6055.086778915624,América Central
Costa Rica,2008,3.2980113341607193,6841.911459796845,América Central
Costa Rica,2009,-2.203057169231897,6737.860753590382,América Central
Costa Rica,2010,4.012638874344333,8147.243984810322,América Central
Costa Rica,2011,3.1165261164475027,9137.45510202159,América Central
Costa Rica,2012,3.627812473684429,9971.651656257282,América Central
Costa Rica,2013,1.3195127872817096,10633.266559878524,América Central
Costa Rica,2014,2.414564008715516,10737.678875394871,América Central
Costa Rica,2015,2.5731786106693875,11529.955173567148,América Central
Costa Rica,2016,3.1515133879358217,11899.81397837185,América Central
Costa Rica,2017,3.143265986216619,12118.133618061527,América Central
Costa Rica,2018,1.6613083099341566,12383.14994695192,América Central
Costa Rica,2019,1.535290566468035,12669.34116173959,América Central
Costa Rica,2020,-4.994101584017471,12179.256674237702,América Central
Costa Rica,2021,7.135613064638832,12537.25674617532,América Central
Costa Rica,2022,3.764005008934106,13198.82171680974,América Central
Dinamarca,1987,0.12736029890567124,21340.67586513549,Europa
Dinamarca,1988,-0.06217617917559437,22526.96306406936,Europa
Dinamarca,1989,0.5848308390110617,21901.129645158933,Europa
Dinamarca,1990,1.3105251632278225,26891.62750517003,Europa
Dinamarca,1991,1.1308401976969122,27011.55341169681,Europa
Dinamarca,1992,1.6204208518856973,29569.497064204068,Europa
Dinamarca,1993,-0.32195992978701327,27597.808521226976,Europa
Dinamarca,1994,4.977347178568564,29995.807557605294,Europa
Dinamarca,1995,2.4922481693983656,35351.57579658428,Europa
Dinamarca,1996,2.319405698462603,35650.8882817814,Europa
Dinamarca,1997,2.832664465483333,32836.14295436891,Europa
Dinamarca,1998,1.8476139445405977,33368.00962294923,Europa
Dinamarca,1999,2.607944260368029,33440.603064340394,Europa
Dinamarca,2000,3.400684546107385,30743.379697495257,Europa
Dinamarca,2001,0.4625342953140148,30751.589688199365,Europa
Dinamarca,2002,0.1458807266403852,33228.63391766613,Europa
Dinamarca,2003,0.11735816735350113,40458.94117434861,Europa
Dinamarca,2004,2.4032339966431095,46511.934750980094,Europa
Dinamarca,2005,2.0551105158293836,48799.74422617672,Europa
Dinamarca,2006,3.5720634637942794,52027.18907096889,Europa
Dinamarca,2007,0.4627314941904501,58487.046014446496,Europa
Dinamarca,2008,-1.0948421281619574,64321.67448428744,Europa
Dinamarca,2009,-5.4140139985128,58163.63852972599,Europa
Dinamarca,2010,1.4194866307360314,58041.39843633848,Europa
Dinamarca,2011,0.920393685285319,61753.64713197696,Europa
Dinamarca,2012,-0.14991608831589076,58507.50805178519,Europa
Dinamarca,2013,0.5134244275022013,61191.193704202844,Europa
Dinamarca,2014,1.1054334661101848,62548.98473329075,Europa
Dinamarca,2015,1.6221662580492051,53254.856370091584,Europa
Dinamarca,2016,2.443368874070657,54663.9983719195,Europa
Dinamarca,2017,2.1623551131615244,57610.098180113484,Europa
Dinamarca,2018,1.4850851572351047,61591.92886989581,Europa
Dinamarca,2019,1.1306574941597773,59592.98068864544,Europa
Dinamarca,2020,-2.2800152635068827,60915.42439954616,Europa
Dinamarca,2021,4.402231182144533,68007.75667329543,Europa
Dinamarca,2022,3.004651210083196,66983.1320017138,Europa
Ecuador,1987,-2.712082626441955,1433.3326086099523,América del Sur
Ecuador,1988,3.3370189095421665,1309.1438406050088,América del Sur
Ecuador,1989,-1.3723852311517675,1360.4874649822016,América del Sur
Ecuador,1990,1.3021641641899606,1458.3268715435643,América del Sur
Ecuador,1991,1.9838176198196038,1589.7521735707835,América del Sur
Ecuador,1992,-0.018341777627739475,1657.8587203979841,América del Sur
Ecuador,1993,-0.029153401537811874,1701.1594589910023,América del Sur
Ecuador,1994,2.2845320161192006,2001.178158853332,América del Sur
Ecuador,1995,0.35963964788427916,2113.2636522054017,América del Sur
Ecuador,1996,-0.11310906194879067,2142.3286405069,América del Sur
Ecuador,1997,2.4774996173628807,2349.218685347037,América del Sur
Ecuador,1998,1.473244065596674,2293.6558279355254,América del Sur
Ecuador,1999,-6.369163605823232,1582.7586069466836,América del Sur
Ecuador,2000,-0.6252409126547605,1451.5308851799805,América del Sur
Ecuador,2001,2.242180682007259,1904.8136700722375,América del Sur
Ecuador,2002,2.3041336944294954,2184.209243807997,América del Sur
Ecuador,2003,0.9421841714464279,2438.343684291564,América del Sur
Ecuador,2004,6.344882335907201,2703.565670574653,América del Sur
Ecuador,2005,3.4911954928797115,3014.310009315896,América del Sur
Ecuador,2006,2.621996708857367,3340.8409028984884,América del Sur
Ecuador,2007,0.4492993204796534,3579.032243918064,América del Sur
Ecuador,2008,4.559943578112069,4260.433183964707,América del Sur
Ecuador,2009,-1.1113644744221034,4240.702592715641,América del Sur
Ecuador,2010,1.8206476934683735,4640.246344378446,América del Sur
Ecuador,2011,6.111532316299176,5202.656459020663,América del Sur
Ecuador,2012,3.9625191793863905,5678.455720700033,América del Sur
Ecuador,2013,3.350546242508898,6050.354611327401,América del Sur
Ecuador,2014,2.2604243692314014,6374.631485636603,América del Sur
Ecuador,2015,-1.3715192589610439,6130.586675567683,América del Sur
Ecuador,2016,-2.690499476086501,6079.0887361207715,América del Sur
Ecuador,2017,0.7905273930704766,6246.404252179321,América del Sur
Ecuador,2018,-0.6080021286631165,6321.349400717174,América del Sur
Ecuador,2019,-1.8796882068353113,6233.258166923628,América del Sur
Ecuador,2020,-9.071317669621678,5645.199289653324,América del Sur
Ecuador,2021,3.0103781629069175,5965.132870544159,América del Sur
Ecuador,2022,1.7852081047204535,6391.282484306427,América del Sur
Egipto,1987,1.0483476014802022,765.6057308784104,
Egipto,1988,2.6312111854058315,644.2196325290342,
Egipto,1989,2.160028642613682,712.9148760466035,
Egipto,1990,2.9913320815763313,751.1874901812768,
Egipto,1991,-1.2838981000268745,637.8975973418865,
Egipto,1992,2.0728399996343683,697.7260404795164,
Egipto,1993,0.5654758354302487,758.8296192150335,
Egipto,1994,1.6649293432402743,826.7189671315039,
Egipto,1995,2.3739367566357714,937.5431501305025,
Egipto,1996,2.7496710032303753,1031.4880781050385,
Egipto,1997,3.2429007316137017,1170.804797892296,
Egipto,1998,3.3354034375734756,1239.3535622708573,
Egipto,1999,3.835706513369445,1297.5746900609604,
Egipto,2000,4.1888659842760205,1398.8598307867214,
Egipto,2001,1.4278750268383646,1327.096518329908,
Egipto,2002,0.27135002128287056,1144.5323984197428,
Egipto,2003,1.0612595656542396,1056.937208965947,
Egipto,2004,1.99860684770195,1016.2538839562844,
Egipto,2005,2.4201256292700037,1133.1054605717552,
Egipto,2006,4.784127564504175,1332.3394100028158,
Egipto,2007,5.018084820679761,1586.47292057972,
Egipto,2008,5.07816837248231,1941.8999726933735,
Egipto,2009,2.6459186638883523,2212.218147889319,
Egipto,2010,3.03669718542578,2509.772034175215,
Egipto,2011,-0.45740935916686,2645.6225349104025,
Egipto,2012,-0.0597877604862731,3059.1354277920414,
Egipto,2013,-0.15366223773449406,3088.8908340842972,
Egipto,2014,0.5318240695458201,3196.8613807868655,
Egipto,2015,2.095538306169729,3370.382447160154,
Egipto,2016,2.1922086267236693,3331.612461346881,
Egipto,2017,2.1287433809202554,2439.9672843996764,
Egipto,2018,3.34981502229806,2531.200078645366,
Egipto,2019,3.6753708309378794,3017.2583357894123,
Egipto,2020,1.7709687311848796,3571.556906513504,
Egipto,2021,1.5918162882358615,3886.722498390104,
Egipto,2022,4.928456184537794,4295.407495610141,
Emiratos Árabes Unidos,1987,-3.651285454885979,23088.204169283497,Asia
Emiratos Árabes Unidos,1988,-8.852247082814046,21545.455584053267,Asia
Emiratos Árabes Unidos,1989,5.556954377626823,23141.01477471198,Asia
Emiratos Árabes Unidos,1990,11.583141339082246,26682.84980946118,Asia
Emiratos Árabes Unidos,1991,-4.575279929499274,25668.493321466176,Asia
Emiratos Árabes Unidos,1992,-1.921751266067261,25630.080973092732,Asia
Emiratos Árabes Unidos,1993,-3.614620809362208,25019.372357889035,Asia
Emiratos Árabes Unidos,1994,2.042957364977397,25463.496288506263,Asia
Emiratos Árabes Unidos,1995,2.087047299768159,27010.67818570383,Asia
Emiratos Árabes Unidos,1996,0.0927207444249234,28596.506828797497,Asia
Emiratos Árabes Unidos,1997,1.3594914302922376,28709.246920678062,Asia
Emiratos Árabes Unidos,1998,-5.716708524160964,25905.843383617244,Asia
Emiratos Árabes Unidos,1999,-2.958957301664327,27261.90657331581,Asia
Emiratos Árabes Unidos,2000,4.836129645104606,31855.500604717483,Asia
Emiratos Árabes Unidos,2001,-3.851554146683597,29909.009434843505,Asia
Emiratos Árabes Unidos,2002,-2.6254716951837054,30221.966999513555,Asia
Emiratos Árabes Unidos,2003,3.6710471704010956,32607.372934828723,Asia
Emiratos Árabes Unidos,2004,4.630576274372757,37017.73636546898,Asia
Emiratos Árabes Unidos,2005,-2.190420612757933,42190.55437946331,Asia
Emiratos Árabes Unidos,2006,-4.0177153961742675,45339.58511658089,Asia
Emiratos Árabes Unidos,2007,-13.923387402484295,43918.380169426484,Asia
Emiratos Árabes Unidos,2008,-13.287427560532777,45140.76907724382,Asia
Emiratos Árabes Unidos,2009,-17.14539390036103,31722.58876379922,Asia
Emiratos Árabes Unidos,2010,-4.256385863100462,34165.91330533147,Asia
Emiratos Árabes Unidos,2011,5.7634334421943265,40893.023359773935,Asia
Emiratos Árabes Unidos,2012,3.6912013050216785,44386.78607983742,Asia
Emiratos Árabes Unidos,2013,4.012692145430691,45729.60767574296,Asia
Emiratos Árabes Unidos,2014,3.174202486920791,46865.96459768656,Asia
Emiratos Árabes Unidos,2015,5.817357871325868,41525.13890435866,Asia
Emiratos Árabes Unidos,2016,4.653505395001645,41054.53956989409,Asia
Emiratos Árabes Unidos,2017,-0.08732607137450543,43063.96747855962,Asia
Emiratos Árabes Unidos,2018,0.517239888701809,46722.26871931259,Asia
Emiratos Árabes Unidos,2019,0.3236865268068527,45376.17083904472,Asia
Emiratos Árabes Unidos,2020,-5.731044521616241,37629.17416806525,Asia
Emiratos Árabes Unidos,2021,3.0524005195749453,44315.55418389598,Asia
Emiratos Árabes Unidos,2022,6.546638235243435,53757.86325083077,Asia
España,1987,5.273762858969874,8239.6138016479,Europa
España,1988,4.871692071957341,9703.123838109503,Europa
España,1989,4.662815197262702,10681.971202925715,Europa
España,1990,3.6757679509780985,13804.876786993662,Europa
España,1991,2.285324776900495,14811.902819488056,Europa
España,1992,0.4361149896964207,16112.188915215569,Europa
España,1993,-1.543358243979057,13339.908563674959,Europa
España,1994,1.8969068945734477,13415.287001045564,Europa
España,1995,2.3049570684242866,15471.962716535027,Europa
España,1996,2.2338534170834237,16109.084398528403,Europa
España,1997,3.268766786283848,14730.797175204621,Europa
España,1998,3.9619652536768086,15394.351462824874,Europa
España,1999,4.067886268281711,15720.64050160609,Europa
España,2000,4.776400785309903,14749.687424876578,Europa
España,2001,3.214134566813968,15369.001159944371,Europa
España,2002,1.2899771812352299,17106.68657665803,Europa
España,2003,1.1362939895594764,21510.83624540113,Europa
España,2004,1.358648611134953,24907.00085058565,Europa
España,2005,1.915746392579237,26429.150944931913,Europa
España,2006,2.357772471717226,28389.078579987294,Europa
España,2007,1.704571587978549,32591.350306587105,Europa
España,2008,-0.7096448243802911,35510.72223127011,Europa
España,2009,-4.6117479229635165,32169.502854858267,Europa
España,2010,-0.29717890386363877,30532.48050816631,Europa
España,2011,-1.1662039068979055,31677.900308365388,Europa
España,2012,-3.021906537357978,28322.946592327575,Europa
España,2013,-1.0797412651872804,29077.18205575657,Europa
España,2014,1.6993526592820274,29513.65118004002,Europa
España,2015,3.9191172650058235,25754.361029439977,Europa
España,2016,2.95081590903861,26537.159489454905,Europa
España,2017,2.7344751550537865,28185.321367197186,Europa
España,2018,1.8374604643726684,30379.72111264171,Europa
España,2019,1.2546317546912462,29581.51855132934,Europa
España,2020,-11.757559127484313,26959.675436732177,Europa
España,2021,5.408112942293556,30103.513733190994,Europa
España,2022,5.010390689834736,29350.168521448082,Europa
Estados Unidos,1987,2.538623536564046,20038.941099265754,América del Norte
Estados Unidos,1988,3.2354161089942437,21417.011930519144,América del Norte
Estados Unidos,1989,2.698166672365261,22857.154433005562,América del Norte
Estados Unidos,1990,0.7414860996097303,23888.60000881329,América del Norte
Estados Unidos,1991,-1.4342001252573624,24342.25890481894,América del Norte
Estados Unidos,1992,2.096612766022332,25418.990776331895,América del Norte
Estados Unidos,1993,1.405708565005284,26387.293733817074,América del Norte
Estados Unidos,1994,2.760882297169019,27694.853416234047,América del Norte
Estados Unidos,1995,1.4687182340739895,28690.875701334695,América del Norte
Estados Unidos,1996,2.5722592039902423,29967.712718174866,América del Norte
Estados Unidos,1997,3.197212054703897,31459.138980477303,América del Norte
Estados Unidos,1998,3.2705110729733633,32853.676952300855,América del Norte
Estados Unidos,1999,3.5979850181687283,34515.39022720757,América del Norte
Estados Unidos,2000,2.925440983477756,36329.95607271019,América del Norte
Estados Unidos,2001,-0.03991972878930028,37133.62311343704,América del Norte
Estados Unidos,2002,0.7567740508585814,37997.75965730513,América del Norte
Estados Unidos,2003,1.9164804509122462,39490.27495570071,América del Norte
Estados Unidos,2004,2.8958477785004533,41724.6316287624,América del Norte
Estados Unidos,2005,2.5337841136674086,44123.407067905515,América del Norte
Estados Unidos,2006,1.796486325829676,46302.000880005624,América del Norte
Estados Unidos,2007,1.0449301367758608,48050.223777113504,América del Norte
Estados Unidos,2008,-0.8203678985241538,48570.045980458555,América del Norte
Estados Unidos,2009,-3.4500159232143517,47194.94335473355,América del Norte
Estados Unidos,2010,1.8602916780589283,48650.643128333555,América del Norte
Estados Unidos,2011,0.814519357932042,50065.966504174205,América del Norte
Estados Unidos,2012,1.5331020353912947,51784.41857388373,América del Norte
Estados Unidos,2013,1.138692346666062,53291.127689140565,América del Norte
Estados Unidos,2014,1.5403806486639695,55123.84978690464,América del Norte
Estados Unidos,2015,1.9530041179062465,56762.72945159889,América del Norte
Estados Unidos,2016,0.9333753616657106,57866.74493410914,América del Norte
Estados Unidos,2017,1.5971355902837132,59907.754260885005,América del Norte
Estados Unidos,2018,2.4048678720100014,62823.30943819697,América del Norte
Estados Unidos,2019,1.829668388093836,65120.394662865256,América del Norte
Estados Unidos,2020,-3.700952528258327,63528.63430275085,América del Norte
Estados Unidos,2021,5.779548418357777,70219.472454115,América del Norte
Estados Unidos,2022,1.67697129735933,76398.59174220536,América del Norte
Fiji,1987,-8.1145681505443,1560.6544566097214,Oceanía
Fiji,1988,-0.31112844382474236,1452.1884219169915,Oceanía
Fiji,1989,6.279852924609884,1530.5472729531652,Oceanía
Fiji,1990,4.752617533441111,1713.180244931519,Oceanía
Fiji,1991,-3.2457441979318276,1763.286561361828,Oceanía
Fiji,1992,5.826681398995788,1947.5042021300746,Oceanía
Fiji,1993,1.8273426707325626,2073.1188458908973,Oceanía
Fiji,1994,4.886690479229543,2308.7065837468285,Oceanía
Fiji,1995,2.3133046354499385,2486.9813406427634,Oceanía
Fiji,1996,4.2353047071600685,2672.43577032827,Oceanía
Fiji,1997,-3.176574746746823,2597.9292555902557,Oceanía
Fiji,1998,0.13323221695628717,2031.0253541508464,Oceanía
Fiji,1999,7.548052587319248,2351.722429128626,Oceanía
Fiji,2000,-2.772962329230012,2015.8574957127084,Oceanía
Fiji,2001,0.9317716471406925,1964.130250842534,Oceanía
Fiji,2002,2.1592454260200213,2157.076596136934,Oceanía
Fiji,2003,0.009775584832368622,2680.270209008235,Oceanía
Fiji,2004,4.2808898486252644,3124.6073892632476,Oceanía
Fiji,2005,-0.24712329109443942,3406.4751578489327,Oceanía
Fiji,2006,0.911330811189174,3483.597184936257,Oceanía
Fiji,2007,-1.6928105829443325,3793.0973850095875,Oceanía
Fiji,2008,0.3474354145065064,3928.921738579642,Oceanía
Fiji,2009,-1.8949802465832732,3184.689122914809,Oceanía
Fiji,2010,2.5240496436245365,3469.150224398637,Oceanía
Fiji,2011,2.3449109769048277,4160.721585147815,Oceanía
Fiji,2012,1.1103281733251862,4359.792845100586,Oceanía
Fiji,2013,4.459729481367816,4586.956165032258,Oceanía
Fiji,2014,5.360486527230492,5305.063400246674,Oceanía
Fiji,2015,4.314346977369098,5105.190039222295,Oceanía
Fiji,2016,2.3150250039252143,5368.433658624363,Oceanía
Fiji,2017,5.279079936335691,5825.198812603644,Oceanía
Fiji,2018,3.814949366231744,6073.395195372461,Oceanía
Fiji,2019,-0.5244693026953797,5968.319556663833,Oceanía
Fiji,2020,-17.176708887741484,4864.106007713068,Oceanía
Fiji,2021,-5.541402212906789,4646.537921419187,Oceanía
Fiji,2022,15.480882829027223,5316.65838506043,Oceanía
Finlandia,1987,3.2814764496738746,18571.059925357884,Europa
Finlandia,1988,4.911739699563242,22047.79332225946,Europa
Finlandia,1989,4.708443331211825,23973.239484004072,Europa
Finlandia,1990,0.2249099533098189,28364.64507659225,Europa
Finlandia,1991,-6.398949439252789,25484.739293574614,Europa
Finlandia,1992,-3.836533052430312,22319.059460245957,Europa
Finlandia,1993,-1.1414880632105309,17608.812390226405,Europa
Finlandia,1994,3.5158852738025814,20301.333085865972,Europa
Finlandia,1995,3.8198762877123897,26271.5998141691,Europa
Finlandia,1996,3.3276693419678622,25783.450487861108,Europa
Finlandia,1997,6.018052757909274,24691.8728133698,Europa
Finlandia,1998,5.177591480311719,26009.269488618163,Europa
Finlandia,1999,4.137574737191159,26186.190010575516,Europa
Finlandia,2000,5.553997852842343,24345.91482170322,Europa
Finlandia,2001,2.3766548701179175,24967.792515318248,Europa
Finlandia,2002,1.4609286224290372,26997.752989778775,Europa
Finlandia,2003,1.7608385701201996,32927.680291940786,Europa
Finlandia,2004,3.6905877973641026,37772.178111039786,Europa
Finlandia,2005,2.428689226954603,39054.85044238253,Europa
Finlandia,2006,3.6289413484710877,41222.60200046113,Europa
Finlandia,2007,4.852313276199311,48476.392728705185,Europa
Finlandia,2008,0.3158863767540794,53772.794239001945,Europa
Finlandia,2009,-8.513028487183036,47481.48453643391,Europa
Finlandia,2010,2.714966734506845,46505.30317918218,Europa
Finlandia,2011,2.0733963145333547,51148.931636583606,Europa
Finlandia,2012,-1.8655911743635443,47708.0612784469,Europa
Finlandia,2013,-1.3572156110907798,49892.22336327364,Europa
Finlandia,2014,-0.7761083831461377,50327.24029026239,Europa
Finlandia,2015,0.21302941966526134,42801.90811672851,Europa
Finlandia,2016,2.516379895242096,43814.02650569767,Europa
Finlandia,2017,2.9505313728247273,46412.13647771734,Europa
Finlandia,2018,1.0056541702974755,49987.626158495885,Europa
Finlandia,2019,1.113269092064371,48629.85822830238,Europa
Finlandia,2020,-2.4951229675846633,49169.71933884903,Europa
Finlandia,2021,2.8330999023467314,53489.75201908984,Europa
Finlandia,2022,1.7923607950212812,50536.6244670541,Europa
Grecia,1987,-2.585123466161633,6564.884427121931,Europa
Grecia,1988,3.909777302588566,7598.028005484678,Europa
Grecia,1989,3.259730143097997,7846.678122422778,Europa
Grecia,1990,-1.052232898346844,9600.185235066027,Europa
Grecia,1991,1.8698338851780534,10188.36978012384,Europa
Grecia,1992,-0.06629915329475011,11176.458419061359,Europa
Grecia,1993,-2.1771506684355444,10401.98301460955,Europa
Grecia,1994,1.4905592114980522,11091.28384727787,Europa
Grecia,1995,1.6238251633687213,12959.324290811457,Europa
Grecia,1996,2.40984299004856,13749.115112067906,Europa
Grecia,1997,3.9700818227786527,13427.83250550021,Europa
Grecia,1998,3.320699724898418,13472.137609262276,Europa
Grecia,1999,2.6780997272268365,13249.663323924215,Europa
Grecia,2000,3.49556356069931,12072.92935691957,Europa
Grecia,2001,3.591652977141365,12549.036894906041,Europa
Grecia,2002,3.5426226174378996,14177.572159270456,Europa
Grecia,2003,5.542361056945637,18518.3788387396,Europa
Grecia,2004,4.801378373364557,21995.477943745977,Europa
Grecia,2005,0.30456826438354767,22560.14729390767,Europa
Grecia,2006,5.335601776573327,24821.936745187915,Europa
Grecia,2007,3.010984050084133,28863.973288501784,Europa
Grecia,2008,-0.5993895894324908,32127.983194328684,Europa
Grecia,2009,-4.552117261495297,29828.756024527054,Europa
Grecia,2010,-5.599959356907775,26716.64882602805,Europa
Grecia,2011,-10.016281205198226,25483.882564493288,Europa
Grecia,2012,-6.58290444947292,21912.998287951716,Europa
Grecia,2013,-1.806551373413285,21787.787763603636,Europa
Grecia,2014,1.1472119568182393,21616.710009490464,Europa
Grecia,2015,0.46365278627018824,18083.877905654695,Europa
Grecia,2016,-0.0724245841387301,17923.966813472132,Europa
Grecia,2017,1.2922902902688236,18582.089341163297,Europa
Grecia,2018,1.8749031634614397,19756.99045625466,Europa
Grecia,2019,1.9917226789737157,19144.284387555675,Europa
Grecia,2020,-8.808563835275223,17658.94730111891,Europa
Grecia,2021,9.019109389588095,20192.596303906073,Europa
Grecia,2022,6.662364124100108,20732.052219053716,Europa
India,1987,1.6919620913400877,342.0719237249643,Asia
India,1988,7.259166022955469,355.7384179598065,Asia
India,1989,3.6738625586501428,347.4620369490801,Asia
India,1990,3.2978540660614044,368.7497594081291,Asia
India,1991,-1.0451054689606991,303.85043795740694,Asia
India,1992,3.316865934970295,317.5587346929352,Asia
India,1993,2.627465862513702,301.50078640208363,Asia
India,1994,4.52513381100772,346.2273931260425,Asia
India,1995,5.452945863603247,373.62823379639246,Asia
India,1996,5.471108102115792,399.5773065512623,Asia
India,1997,2.071873276545986,414.89868348155886,Asia
India,1998,4.198921159551233,412.5093557601225,Asia
India,1999,6.851333407913458,440.9614546140207,Asia
India,2000,1.9659524373621764,442.03477891769523,Asia
India,2001,2.9453193591059375,449.9111249332678,Asia
India,2002,1.9759079840173257,468.8444283051805,Asia
India,2003,6.016520564033485,543.8437988939514,Asia
India,2004,6.132606167648021,624.1050943718972,Asia
India,2005,6.206011032184591,710.509344850714,Asia
India,2006,6.426044714643226,802.0137420473797,Asia
India,2007,6.093625779497387,1022.732475504749,Asia
India,2008,1.6307805894864202,993.5034124595992,Asia
India,2009,6.37170938858857,1096.636136058639,Asia
India,2010,7.0131745803792,1350.6344568151692,Asia
India,2011,3.8180731303019115,1449.6033010106507,Asia
India,2012,4.060823569794465,1434.0179784265563,Asia
India,2013,5.014611864408636,1438.0569951306702,Asia
India,2014,6.086180227127699,1559.8637716181101,Asia
India,2015,6.721067630670419,1590.1743216650377,Asia
India,2016,6.980989701330202,1714.279540584596,Asia
India,2017,5.568333513572327,1957.9698136809548,Asia
India,2018,5.302408678574054,1974.3777301451619,Asia
India,2019,2.811873102250601,2050.163789732353,Asia
India,2020,-6.726292080179647,1913.219721034926,Asia
India,2021,8.184367715621761,2238.1271387331135,Asia
India,2022,6.277403813986183,2388.6211977676166,Asia
Japón,1987,4.145630588409418,20748.990924452817,Asia
Japón,1988,6.218728553296387,25059.013951521956,Asia
Japón,1989,4.507170159524648,24822.772568372446,Asia
Japón,1990,4.493661204195092,25371.46417052464,Asia
Japón,1991,3.1174946331544504,28915.015359863104,Asia
Japón,1992,0.5267450362090216,31414.976368939235,Asia
Japón,1993,-0.7813762281365939,35681.96848815502,Asia
Japón,1994,0.8015596851254116,39933.512777351345,Asia
Japón,1995,2.3905195580515795,44197.628890757675,Asia
Japón,1996,2.900141234358003,39150.055226657525,Asia
Japón,1997,0.7409059525988368,35638.24300143487,Asia
Japón,1998,-1.5382440756550864,32423.755448254236,Asia
Japón,1999,-0.5157405900551311,36610.16670929685,Asia
Japón,2000,2.592891086508132,39169.36017593132,Asia
Japón,2001,0.14451169008489728,34406.169016036416,Asia
Japón,2002,-0.19039201361297842,32820.78862637702,Asia
Japón,2003,1.3180919624152523,35387.048357974054,Asia
Japón,2004,2.151723329186055,38298.98017123033,Asia
Japón,2005,1.794339800603879,37812.89101747612,Asia
Japón,2006,1.3081271830090344,35991.54239233866,Asia
Japón,2007,1.367422326037854,35779.015679446384,Asia
Japón,2008,-1.2721099488706216,39876.306295632414,Asia
Japón,2009,-5.681452340311822,41309.00165486419,Asia
Japón,2010,4.079223048432738,44968.15623497395,Asia
Japón,2011,0.20925180281963662,48760.078949421106,Asia
Japón,2012,1.536786658845955,49145.28043081928,Asia
Japón,2013,2.1523710656464345,40898.64789647444,Asia
Japón,2014,0.42938112252039673,38475.39524618382,Asia
Japón,2015,1.6684651171174494,34960.63938433849,Asia
Japón,2016,0.8053628246161679,39375.47316207813,Asia
Japón,2017,1.7586118016144354,38834.05293412266,Asia
Japón,2018,0.7711684714323326,39751.13309827112,Asia
Japón,2019,-0.2621708285890634,40415.956764954695,Asia
Japón,2020,-3.996581848527015,39986.92862870905,Asia
Japón,2021,2.613376309614111,39827.12676781789,Asia
Japón,2022,1.4780389855920077,33815.31727337993,Asia
Kenya,1987,2.278306226985478,381.705998008002,África
Kenya,1988,2.5493552516818454,386.3559485667171,África
Kenya,1989,1.128558915655887,369.98336319026737,África
Kenya,1990,0.7082298939304223,370.10014704814813,África
Kenya,1991,-1.767740165400852,340.80645507364153,África
Kenya,1992,-3.766723222185135,332.9499069288464,África
Kenya,1993,-2.5560334283153594,226.5211530442364,África
Kenya,1994,-0.28086993951004047,273.5217948121932,África
Kenya,1995,1.5138815890832262,336.5653474439092,África
Kenya,1996,1.3659344374874252,436.1957061884681,África
Kenya,1997,-2.1766132876094844,462.40453948402256,África
Kenya,1998,0.5495893758557884,483.7086323373553,África
Kenya,1999,-0.5206929892078591,430.3672619095279,África
Kenya,2000,-2.2908937140500854,411.8213539159406,África
Kenya,2001,0.6837185998811037,408.36060874808965,África
Kenya,2002,-2.457538570833563,401.09237179743076,África
Kenya,2003,-0.07711260260289521,441.3914117361724,África
Kenya,2004,2.0086928804448974,462.61821577443044,África
Kenya,2005,2.8007234201364355,522.7768371233333,África
Kenya,2006,3.35188977379228,699.3997381112358,África
Kenya,2007,3.7282567431863356,840.1916318823357,África
Kenya,2008,-2.70944940440107,915.9989156540646,África
Kenya,2009,0.29317394668173336,1049.1217942434082,África
Kenya,2010,5.056390900119112,1093.6396277573629,África
Kenya,2011,2.366419734897434,1099.3154653327908,África
Kenya,2012,1.9604009872781631,1289.780795200611,África
Kenya,2013,1.326292506597639,1376.8292062766018,África
Kenya,2014,2.6381899295034827,1489.9197238099016,África
Kenya,2015,2.6833174250999576,1496.653567622561,África
Kenya,2016,1.943668144202789,1562.0766109547837,África
Kenya,2017,1.603146616195744,1675.988429525569,África
Kenya,2018,3.522084435155776,1845.7834128583559,África
Kenya,2019,3.0549578495191696,1970.0800629653995,África
Kenya,2020,-2.256979502744443,1936.2507516604505,África
Kenya,2021,5.520436304220368,2069.6611365141775,África
Kenya,2022,2.8635712107788436,2099.3019382669636,África
Marruecos,1987,-2.285523621175031,928.498107910156,África
Marruecos,1988,9.784903276288489,1076.0927734375,África
Marruecos,1989,1.0142004815344592,1081.96533203125,África
Marruecos,1990,1.6214025232800964,1219.42456054688,África
Marruecos,1991,5.414274352323218,1282.57958984375,África
Marruecos,1992,-3.6971858849245933,1317.32995605469,África
Marruecos,1993,-2.311262094145235,1217.42907714844,África
Marruecos,1994,8.91211752595224,1348.5390625,África
Marruecos,1995,-6.836045618083148,1455.95031738281,África
Marruecos,1996,10.674268733442503,1585.72277832031,África
Marruecos,1997,-3.0227289850736696,1416.900390625,África
Marruecos,1998,5.6810087647311605,1658.47180175781,África
Marruecos,1999,0.2740592332940679,1627.13513183594,África
Marruecos,2000,1.1924509405026384,1492.37707519531,África
Marruecos,2001,6.287009010963303,1500.36340332031,África
Marruecos,2002,2.3798601962808874,1590.4873046875,África
Marruecos,2003,4.849033962199513,1936.09008789063,África
Marruecos,2004,3.2424852341279546,2177.798828125,África
Marruecos,2005,1.8077511686964982,2237.576171875,África
Marruecos,2006,6.354410684277127,2433.21264648438,África
Marruecos,2007,2.0846446310244033,2751.42333984375,África
Marruecos,2008,4.308112336232611,3180.17065429688,África
Marruecos,2009,2.3939134130264677,3118.1416015625,África
Marruecos,2010,2.122706809938421,3067.85180664063,África
Marruecos,2011,4.084761295503171,3302.453125,África
Marruecos,2012,1.6440066547937846,3164.00463867188,África
Marruecos,2013,2.699634635754933,3377.6435546875,África
Marruecos,2014,1.3576132027367294,3430.53466796875,África
Marruecos,2015,3.0224298760333,3139.22827148438,África
Marruecos,2016,-0.7220026506366253,3132.9521484375,África
Marruecos,2017,3.7922770236530283,3288.50268554688,África
Marruecos,2018,1.899445895793292,3492.67236328125,África
Marruecos,2019,1.8026571820882111,3498.58251953125,África
Marruecos,2020,-8.17274144810004,3258.10498046875,África
Marruecos,2021,6.790377380857507,3795.38696289063,África
Marruecos,2022,0.038733276362307834,3527.94189453125,África
México,1987,0.3210290857900162,1902.4622244900058,América del Norte
México,1988,-0.4391794355622096,2302.021953638621,América del Norte
México,1989,1.9215516482558002,2759.476479660436,América del Norte
México,1990,3.29445342463697,3196.919871879331,América del Norte
México,1991,2.001611997019026,3756.8525970708133,América del Norte
México,1992,1.5089147673969165,4272.78826577319,América del Norte
México,1993,1.100049103225004,5778.907808583589,América del Norte
México,1994,2.961455843838465,5976.4940745268095,América del Norte
México,1995,-8.015167908285676,4002.158718297484,América del Norte
México,1996,4.888150731130651,4487.26319003077,América del Norte
México,1997,5.016207261728155,5370.244638383884,América del Norte
México,1998,3.4059383229151763,5555.711856869763,América del Norte
México,1999,1.081584708378685,6230.69720074254,América del Norte
México,2000,3.2926924092128615,7232.910680936094,América del Norte
México,2001,-1.9283165810317513,7613.142977532468,América del Norte
México,2002,-1.548197909789863,7650.931864258665,América del Norte
México,2003,-0.05136498487952679,7120.37212084792,América del Norte
México,2004,2.4044867783991037,7525.487460936703,América del Norte
México,2005,0.8557087092337099,8321.859856391206,América del Norte
México,2006,3.083009699730326,9125.387738864503,América del Norte
México,2007,0.9538701847138924,9719.9278639964,América del Norte
México,2008,-0.13035561782955085,10119.821056798422,América del Norte
México,2009,-6.449903052463938,8104.92257319862,América del Norte
México,2010,3.732851947592181,9399.96470859669,América del Norte
México,2011,2.1935875783894403,10341.500237802582,América del Norte
México,2012,2.204898981116017,10376.09049510739,América del Norte
México,2013,0.02784914971823582,10865.68729124526,América del Norte
México,2014,1.58082066291567,11076.134114197503,América del Norte
México,2015,2.094717823792209,9753.400562322257,América del Norte
México,2016,1.4740532270606934,8875.082068761367,América del Norte
México,2017,1.0158161849039686,9434.378179482434,América del Norte
México,2018,1.2270501227342265,9857.007487422134,América del Norte
México,2019,-1.0539181755963227,10145.152627959309,América del Norte
México,2020,-8.654637260969494,8654.997325169576,América del Norte
México,2021,4.136372212371597,10045.676371041029,América del Norte
México,2022,2.4165540102793415,11091.305430253762,América del Norte
Nepal,1987,-0.4645599625147554,161.3675903391204,Asia
Nepal,1988,5.427090993872994,186.26447549797734,Asia
Nepal,1989,2.01728281849698,184.13223582180078,Asia
Nepal,1990,2.1202948615048456,184.92364765353744,Asia
Nepal,1991,3.6509324013169504,194.80001667549573,Asia
Nepal,1992,1.233194864381332,164.29280892417026,Asia
Nepal,1993,1.0898159604315651,172.09667014445313,Asia
Nepal,1994,5.5973788742193875,186.5942634629816,Asia
Nepal,1995,1.0989203264739018,197.3096504756898,Asia
Nepal,1996,3.116692310087913,198.45446513166297,Asia
Nepal,1997,2.9455633972343946,211.56194654408569,Asia
Nepal,1998,1.0436592172983694,204.8765069778656,Asia
Nepal,1999,2.510432740411275,208.4914737582148,Asia
Nepal,2000,4.399652800893676,223.7118918506087,Asia
Nepal,2001,3.134541934708281,240.7051591645524,Asia
Nepal,2002,-1.36634119401036,238.86125411972205,Asia
Nepal,2003,2.5255472926192652,246.48583783973015,Asia
Nepal,2004,3.3901433304317976,279.7242003179083,Asia
Nepal,2005,2.372369840130986,309.3104200550101,Asia
Nepal,2006,2.4530804613315667,341.02814003937397,Asia
Nepal,2007,2.6579166394430302,386.5295863624416,Asia
Nepal,2008,5.441961368931203,466.6933791227125,Asia
Nepal,2009,3.970721480914392,475.63597612013996,Asia
Nepal,2010,4.296893271825525,589.1654349130378,Asia
Nepal,2011,3.0241795510866325,791.2255767132847,Asia
Nepal,2012,4.423907166946833,794.0925593334956,Asia
Nepal,2013,3.3328561031979547,809.3844577480373,Asia
Nepal,2014,5.700533237950992,827.7447049161422,Asia
Nepal,2015,3.4178843049380987,882.3076634575772,Asia
Nepal,2016,-0.47118200532521826,880.2248936834687,Asia
Nepal,2017,7.731269075012179,1027.9654744891848,Asia
Nepal,2018,6.401863286618763,1161.5343496196003,Asia
Nepal,2019,5.451916540796219,1185.682318136053,Asia
Nepal,2020,-4.086568589253062,1139.1898920238732,Asia
Nepal,2021,2.442379731512844,1229.3942052070463,Asia
Nepal,2022,3.8409947684189945,1336.5460472641396,Asia
Noruega,1987,1.2783530286886418,22506.029282993866,Europa
Noruega,1988,-0.7902367404088437,24207.343377160505,Europa
Noruega,1989,0.6220185492007602,24281.130405139564,Europa
Noruega,1990,1.5820928592685988,28242.793409298516,Europa
Noruega,1991,2.594405977875013,28596.745531728237,Europa
Noruega,1992,2.9783695199287763,30523.98096278446,Europa
Noruega,1993,2.234836322426645,27963.582940162836,Europa
Noruega,1994,4.458801352547411,29315.875002309374,Europa
Noruega,1995,3.616345498420671,34875.942889315156,Europa
Noruega,1996,4.49694127546725,37321.92597830945,Europa
Noruega,1997,4.715228789713038,36629.026588313274,Europa
Noruega,1998,2.0592029085798202,34803.47493768749,Europa
Noruega,1999,1.3754868020778162,36393.42495900748,Europa
Noruega,2000,2.65053090696199,38178.0561473638,Europa
Noruega,2001,1.551927583734198,38602.09440543318,Europa
Noruega,2002,0.8323087165785523,43170.67162867076,Europa
Noruega,2003,0.3545674632578084,50250.21153331753,Europa
Noruega,2004,3.4017848883193977,57768.41243038397,Europa
Noruega,2005,1.9881002564205943,67047.17045582643,Europa
Noruega,2006,1.6396062728502443,74434.11280986812,Europa
Noruega,2007,1.8546070527445835,85502.75393150667,Europa
Noruega,2008,-0.7626479583225034,97503.54078037835,Europa
Noruega,2009,-3.169256284850107,80347.14415838127,Europa
Noruega,2010,-0.460631256132487,88163.2085931423,Europa
Noruega,2011,-0.19740595301944097,101221.81347664402,Europa
Noruega,2012,1.3776409008746953,102175.91929837366,Europa
Noruega,2013,-0.19788322231009658,103553.84013441675,Europa
Noruega,2014,0.9037626501732632,97666.69518387492,Europa
Noruega,2015,0.8487991242163986,74809.96580498976,Europa
Noruega,2016,0.2774077844878775,70867.36099707492,Europa
Noruega,2017,1.6395071451149619,76131.83840327642,Europa
Noruega,2018,0.16556077229978428,82792.84271133045,Europa
Noruega,2019,0.44339857767556623,76430.58894733385,Europa
Noruega,2020,-1.8576961085907584,68340.01810337017,Europa
Noruega,2021,3.3442622331822776,90655.39102293925,Europa
Noruega,2022,2.356845566100503,106148.77862771801,Europa
Nueva Zelandia,1987,0.10433473653907299,12330.751453710463,Oceanía
Nueva Zelandia,1988,-0.6268139036629634,13759.037462872166,Oceanía
Nueva Zelandia,1989,-0.3182628254796924,13312.385585811266,Oceanía
Nueva Zelandia,1990,-0.7672409082079952,13663.021618429788,Oceanía
Nueva Zelandia,1991,-5.768681691262884,12229.930088796144,Oceanía
Nueva Zelandia,1992,0.046169742371731104,11793.01383739086,Oceanía
Nueva Zelandia,1993,5.185310052347148,13094.182506230709,Oceanía
Nueva Zelandia,1994,3.7312094223822783,15279.939625012068,Oceanía
Nueva Zelandia,1995,3.1997423041079287,17399.92902050838,Oceanía
Nueva Zelandia,1996,1.9886972852815035,18794.436039393047,Oceanía
Nueva Zelandia,1997,0.7483043606386417,17473.65462099087,Oceanía
Nueva Zelandia,1998,-0.03185101178874561,14738.27102904851,Oceanía
Nueva Zelandia,1999,4.823085661520679,15322.223834026689,Oceanía
Nueva Zelandia,2000,2.268680437612389,13641.01786010573,Oceanía
Nueva Zelandia,2001,2.803287549967081,13882.86651131821,Oceanía
Nueva Zelandia,2002,2.9106070739942,16874.187491819564,Oceanía
Nueva Zelandia,2003,2.6818606674803505,21913.70817199608,Oceanía
Nueva Zelandia,2004,2.5534060720001577,25420.337293932396,Oceanía
Nueva Zelandia,2005,2.1932505186425004,27751.06547088586,Oceanía
Nueva Zelandia,2006,1.5529723819384742,26654.593201898522,Oceanía
Nueva Zelandia,2007,2.1085970156914158,32479.981738146667,Oceanía
Nueva Zelandia,2008,-2.0455898487789312,31252.962564067326,Oceanía
Nueva Zelandia,2009,-1.1057002024994915,28209.36232712287,Oceanía
Nueva Zelandia,2010,0.3449659967930785,33676.77412399246,Oceanía
Nueva Zelandia,2011,1.4451248483754853,38387.62707840765,Oceanía
Nueva Zelandia,2012,1.713883536349556,39973.38075872235,Oceanía
Nueva Zelandia,2013,1.9783544271699327,42976.64958825841,Oceanía
Nueva Zelandia,2014,2.1007679215578037,44572.898753662565,Oceanía
Nueva Zelandia,2015,1.6456782497531464,38630.72658869284,Oceanía
Nueva Zelandia,2016,1.4963245469715787,40058.19616214665,Oceanía
Nueva Zelandia,2017,1.3845015163326764,42910.972836248766,Oceanía
Nueva Zelandia,2018,1.6873080547890424,43236.88669234041,Oceanía
Nueva Zelandia,2019,0.8288048381559889,42796.43058183891,Oceanía
Nueva Zelandia,2020,-2.820322501022062,41760.59478399969,Oceanía
Nueva Zelandia,2021,4.731654072787677,49996.42067258112,Oceanía
Nueva Zelandia,2022,1.9037853339226842,48249.2640150011,Oceanía
Níger,1987,-2.9029549379762045,292.4087596081486,África
Níger,1988,3.6718925275355474,289.6701216050491,África
Níger,1989,-2.0759040457996463,268.5494048539969,África
Níger,1990,-4.309942061291679,419.6038954779064,África
Níger,1991,-3.483411996304298,380.5366381456545,África
Níger,1992,-1.1253956298562287,380.14906999158217,África
Níger,1993,-2.7932111032998534,332.0622150558601,África
Níger,1994,-1.3665891843029812,204.14958726952275,África
Níger,1995,-0.8897552842568501,234.61960479996986,África
Níger,1996,-3.2133501788714227,237.01496263127873,África
Níger,1997,-1.8031499272147613,218.24614459165167,África
Níger,1998,6.318123565012385,243.5175497314903,África
Níger,1999,-3.564826076355928,225.9535078961566,África
Níger,2000,-4.533605699320788,192.87772578083997,África
Níger,2001,3.623725288040731,203.5264887961046,África
Níger,2002,1.338057375232296,223.35239302381814,África
Níger,2003,-1.3479062022204715,263.09123173743666,África
Níger,2004,-3.1358220132242707,281.32536005649393,África
Níger,2005,3.5488894514146665,316.36564783051665,África
Níger,2006,2.170619107617398,331.10376804041437,África
Níger,2007,-0.5453624525863603,384.7183451011024,África
Níger,2008,3.846700362549143,472.17842689739456,África
Níger,2009,-1.7422251912411184,458.4218899025411,África
Níger,2010,4.602067048212888,471.61268775647795,África
Níger,2011,-1.4063462658661479,507.60249560519793,África
Níger,2012,6.415644392753066,525.0472844468668,África
Níger,2013,1.3697821301352775,548.1578490061609,África
Níger,2014,2.6850897800347013,560.7544753108857,África
Níger,2015,0.47115442412814446,481.1113011191537,África
Níger,2016,1.7298515331947328,497.03612077886703,África
Níger,2017,1.058945166017395,514.5432688723815,África
Níger,2018,3.2260303069878233,567.3308491922841,África
Níger,2019,2.026402985963145,550.9635431418053,África
Níger,2020,-0.23815678919294214,564.821997328603,África
Níger,2021,-2.3028962720612896,590.6294813880869,África
Níger,2022,7.435939337616901,533.0287638195132,África
Países Bajos,1987,1.286515180581361,16709.55967738379,Europa
Países Bajos,1988,2.7750434330549467,17744.501384468407,Europa
Países Bajos,1989,3.795569306030373,17397.69168255948,Europa
Países Bajos,1990,3.4682777247539605,21290.860382704483,Europa
Países Bajos,1991,1.6350545971285158,21732.230762192346,Europa
Países Bajos,1992,0.9400149994731777,23904.03741505797,Europa
Países Bajos,1993,0.5542496242233312,23122.410766864487,Europa
Países Bajos,1994,2.3421682698805597,24646.314309626927,Europa
Países Bajos,1995,2.607973421419544,29258.134348621083,Europa
Países Bajos,1996,3.0223033050510253,29006.809445417097,Europa
Países Bajos,1997,3.793381777240313,26700.53713359263,Europa
Países Bajos,1998,4.02050284147451,27885.808382346455,Europa
Países Bajos,1999,4.3373744464788615,28272.64324925386,Europa
Países Bajos,2000,3.4535382560578114,26214.498549887016,Europa
Países Bajos,2001,1.5574581294935257,26896.548111119628,Europa
Países Bajos,2002,-0.4203677399406587,29343.244996060188,Europa
Países Bajos,2003,-0.315789835146461,35750.97466302689,Europa
Países Bajos,2004,1.6311880702255905,40436.61823104069,Europa
Países Bajos,2005,1.8126991927321967,41994.71353052322,Europa
Países Bajos,2006,3.2949498403695827,44900.9381441374,Europa
Países Bajos,2007,3.5473594981308025,51799.20855210469,Europa
Países Bajos,2008,1.773356663747677,57879.94375539163,Europa
Países Bajos,2009,-4.161038495408064,52722.2130568997,Europa
Países Bajos,2010,0.8242598528199068,50999.7451168891,Europa
Países Bajos,2011,1.0786282739109367,54230.31290298556,Europa
Países Bajos,2012,-1.3959193357790838,50070.14160459042,Europa
Países Bajos,2013,-0.4241786935326104,52198.897560745834,Europa
Países Bajos,2014,1.0591012542706864,52900.53741532219,Europa
Países Bajos,2015,1.5082661839127098,45193.40321879707,Europa
Países Bajos,2016,1.6493155465206826,46039.10592841104,Europa
Países Bajos,2017,2.304284732593146,48675.22233502169,Europa
Países Bajos,2018,1.7649372641622278,53044.532435224384,Europa
Países Bajos,2019,1.289889121062231,52476.273253331776,Europa
Países Bajos,2020,-4.418555509247341,52162.570115039736,Europa
Países Bajos,2021,4.3157044945068606,57708.11121343215,Europa
Países Bajos,2022,3.4746803509220285,55985.40342557072,Europa
Reino Unido,1987,5.1688721661218295,13118.018423028754,Europa
Reino Unido,1988,5.497880602403882,15988.016487076458,Europa
Reino Unido,1989,2.3109287944885324,16240.00624742008,Europa
Reino Unido,1990,0.4330811936893184,19096.24120094791,Europa
Reino Unido,1991,-1.4084858375566398,19900.188491382472,Europa
Reino Unido,1992,0.12993301916426958,20488.099665435293,Europa
Reino Unido,1993,2.244410626438892,18390.21781835493,Europa
Reino Unido,1994,3.58196750371053,19708.435639677664,Europa
Reino Unido,1995,2.260783607454769,23203.62889918133,Europa
Reino Unido,1996,1.6485619326578842,24441.919913047088,Europa
Reino Unido,1997,4.255208265636611,26779.77878671823,Europa
Reino Unido,1998,2.8571182936045147,28296.76026920497,Europa
Reino Unido,1999,2.671187419571126,28788.969286959335,Europa
Reino Unido,2000,3.721393156103318,28289.652689640032,Europa
Reino Unido,2001,1.7649026774543728,27888.605107592488,Europa
Reino Unido,2002,1.340842566272542,30078.60813374806,Europa
Reino Unido,2003,2.6439862110546386,34480.941057111966,Europa
Reino Unido,2004,1.7643401117697124,40392.264857865135,Europa
Reino Unido,2005,1.9658197861429585,42131.82707147445,Europa
Reino Unido,2006,1.4122297075265493,44537.712335189186,Europa
Reino Unido,2007,1.7679348139885747,50438.22959927797,Europa
Reino Unido,2008,-0.9370779719649818,47432.87909704632,Europa
Reino Unido,2009,-5.230034826010879,38820.0145894173,Europa
Reino Unido,2010,1.6302740445521096,39693.19387012369,Europa
Reino Unido,2011,0.28083924291975393,42150.698140882145,Europa
Reino Unido,2012,0.745478657756621,42485.58606953967,Europa
Reino Unido,2013,1.140212964069292,43449.09171731392,Europa
Reino Unido,2014,2.44246580096015,47447.58893226667,Europa
Reino Unido,2015,1.5849793894914512,45071.07432348728,Europa
Reino Unido,2016,1.3938488246200649,41146.07735552461,Europa
Reino Unido,2017,1.7499537970611385,40622.689388323204,Europa
Reino Unido,2018,1.0906239562357314,43306.30830493167,Europa
Reino Unido,2019,1.0327408419658042,42747.08046049601,Europa
Reino Unido,2020,-11.35567605691817,40318.41692250549,Europa
Reino Unido,2021,7.685656646717092,46585.897564456674,Europa
Reino Unido,2022,4.186941875195458,45850.4261222629,Europa
Rwanda,1987,-3.5569017450172282,320.2920780563522,África
Rwanda,1988,1.220699794792651,344.47818623703216,África
Rwanda,1989,-2.66788403631989,336.7447974188154,África
Rwanda,1990,-4.772493987993556,348.38783214136976,África
Rwanda,1991,-4.672529261075411,255.36757872701136,África
Rwanda,1992,3.5010995821523494,264.9826094100535,África
Rwanda,1993,-10.986210844333755,249.41057114599795,África
Rwanda,1994,-41.586861363778816,111.93730424052667,África
Rwanda,1995,60.09054132035587,227.45887471086846,África
Rwanda,1996,-4.52353447512246,205.842129549077,África
Rwanda,1997,-0.2757431301828319,241.50553317342104,África
Rwanda,1998,5.448853974101269,251.34968761064724,África
Rwanda,1999,3.1149485207017165,269.3053659473627,África
Rwanda,2000,7.029283556963819,255.08822598230097,África
Rwanda,2001,6.981367673111748,239.1248197851344,África
Rwanda,2002,11.186198109743103,234.81374741419432,África
Rwanda,2003,-0.1318210753870659,249.55500987297356,África
Rwanda,2004,4.711817741158697,270.3030316408113,África
Rwanda,2005,6.536954233860001,325.0242236912794,África
Rwanda,2006,6.3548190910612306,358.11085373522576,África
Rwanda,2007,4.772656732551383,427.41990179066386,África
Rwanda,2008,8.219975418976858,529.5242699581731,África
Rwanda,2009,3.4794194926587494,564.9718752694903,África
Rwanda,2010,4.572483955355651,594.109511793169,África
Rwanda,2011,5.2239202297454455,650.9361819670245,África
Rwanda,2012,6.001710228764921,706.1390339621786,África
Rwanda,2013,2.257672160156204,704.4235236285564,África
Rwanda,2014,3.6727727102523744,724.7286811798132,África
Rwanda,2015,6.2903110578232315,733.8228503906645,África
Rwanda,2016,3.4132614544907227,728.8066770249713,África
Rwanda,2017,1.3918919023684424,756.5476049428528,África
Rwanda,2018,5.928769004350826,768.9641302601407,África
Rwanda,2019,6.8780020168838405,806.1280143946465,África
Rwanda,2020,-5.662297223087506,773.8205574733794,África
Rwanda,2021,8.277953271190896,821.2281940724357,África
Rwanda,2022,5.685991379235816,966.3271101125713,África
Samoa,1987,0.23727025130727952,669.8561646164422,Oceanía
Samoa,1988,-1.8419406850623545,794.3533992789899,Oceanía
Samoa,1989,3.4392212197725343,731.9765180851464,Oceanía
Samoa,1990,-4.5919381723014965,747.780848318875,Oceanía
Samoa,1991,-2.598264848720916,744.4959153906315,Oceanía
Samoa,1992,-0.84534085218705,779.1744436806483,Oceanía
Samoa,1993,3.1504906194522277,776.851911137018,Oceanía
Samoa,1994,-3.5245219581507996,1277.2337716491866,Oceanía
Samoa,1995,5.5788632729219785,1285.6670099936161,Oceanía
Samoa,1996,6.080571345494846,1414.202089349353,Oceanía
Samoa,1997,-0.3881330391617013,1598.9180249547917,Oceanía
Samoa,1998,1.1513274102432831,1493.9450894232946,Oceanía
Samoa,1999,1.1613984860918265,1401.7158852445266,Oceanía
Samoa,2000,4.066718656009201,1406.7656830055685,Oceanía
Samoa,2001,6.509151449311659,1435.3451812614028,Oceanía
Samoa,2002,5.029244977616472,1509.8866153728475,Oceanía
Samoa,2003,4.757964876883889,1778.8420003241827,Oceanía
Samoa,2004,2.7402979641130116,2168.027952531352,Oceanía
Samoa,2005,6.326566544957373,2527.7628384179743,Oceanía
Samoa,2006,1.7260341177601504,2639.8056689534537,Oceanía
Samoa,2007,-0.09379093995255516,3011.1008086675183,Oceanía
Samoa,2008,2.8493052505365313,3344.054558780187,Oceanía
Samoa,2009,-1.2568161791477763,3250.953096782476,Oceanía
Samoa,2010,5.309181062354071,3494.3952899181436,Oceanía
Samoa,2011,2.9610631064842323,3789.626477544085,Oceanía
Samoa,2012,-4.593625702329092,3902.312163839058,Oceanía
Samoa,2013,-0.80145757900614,3989.8982485629026,Oceanía
Samoa,2014,-0.24710667581955192,3948.7287814226033,Oceanía
Samoa,2015,2.9249620478443887,4048.467056754481,Oceanía
Samoa,2016,6.947334634108927,4105.8106812825245,Oceanía
Samoa,2017,0.38748210550791384,4261.640513311619,Oceanía
Samoa,2018,-1.59122287483045,4189.052219368166,Oceanía
Samoa,2019,3.365466915505081,4308.301452876846,Oceanía
Samoa,2020,-4.471685198608171,4042.722714741444,Oceanía
Samoa,2021,-8.713423660698737,3857.356684938353,Oceanía
Samoa,2022,-7.550967488812773,3743.2056792921917,Oceanía
Sierra Leona,1987,4.380688179365833,167.20823330348807,África
Sierra Leona,1988,-9.562087857303851,260.1147232795598,África
Sierra Leona,1989,-1.7632785864102374,224.31873480659164,África
Sierra Leona,1990,-0.6217505424677654,150.19341909782588,África
Sierra Leona,1991,1.1180577211984826,178.17909843476474,África
Sierra Leona,1992,-17.570678388992775,158.0814981328001,África
Sierra Leona,1993,1.5132422147313207,178.97299706793535,África
Sierra Leona,1994,-2.385138581091198,211.338563985166,África
Sierra Leona,1995,-8.195405685780827,201.37112282827897,África
Sierra Leona,1996,1.2103132357466677,216.62341891992048,África
Sierra Leona,1997,-7.109068253141899,193.01081255828728,África
Sierra Leona,1998,0.7569326440104902,151.09656286768973,África
Sierra Leona,1999,-2.5305944515797876,149.57834190235857,África
Sierra Leona,2000,4.118554521909218,138.71394161532712,África
Sierra Leona,2001,-11.610001678797659,221.29508561880047,África
Sierra Leona,2002,19.557657481377205,240.50751930630466,África
Sierra Leona,2003,5.170625743755579,255.97261857887534,África
Sierra Leona,2004,2.9684666322031603,258.4731688039633,África
Sierra Leona,2005,1.599210520478266,286.2859558273841,África
Sierra Leona,2006,2.013563215412333,320.5143891661589,África
Sierra Leona,2007,5.624217063751644,358.07733952889515,África
Sierra Leona,2008,2.809940606147947,402.5534459684476,África
Sierra Leona,2009,0.4233331009520356,386.43386849055713,África
Sierra Leona,2010,3.7074994142916466,400.54069336495695,África
Sierra Leona,2011,3.1932150766529332,443.4518319750141,África
Sierra Leona,2012,12.21161520906027,558.179774712445,África
Sierra Leona,2013,18.01465349465377,706.4526652015045,África
Sierra Leona,2014,1.98463481397566,702.3386032543297,África
Sierra Leona,2015,-22.383314831716234,581.2934118149541,África
Sierra Leona,2016,3.8045375666475536,515.4478314080397,África
Sierra Leona,2017,1.2719494663820257,484.4561156465791,África
Sierra Leona,2018,1.0547690134313967,519.6499835164665,África
Sierra Leona,2019,2.8267630512030166,506.606908156498,África
Sierra Leona,2020,-4.196551048112866,493.43225243184446,África
Sierra Leona,2021,1.796879523840957,504.6212721795262,África
Sierra Leona,2022,1.2748255460032425,461.3611382942582,África
Singapur,1987,9.144182519857182,7539.029302124431,Asia
Singapur,1988,8.475501124135263,8914.441225747287,Asia
Singapur,1989,6.971857275113109,10394.538996240593,Asia
Singapur,1990,5.631848024123087,11861.75615913661,Asia
Singapur,1991,3.6953822822512308,14502.379993860553,Asia
Singapur,1992,3.4837182442404355,16136.243839703971,Asia
Singapur,1993,8.675304888244241,18290.131999787554,Asia
Singapur,1994,7.665158475040485,21552.40768500919,Asia
Singapur,1995,3.9685677515224995,24914.850702035776,Asia
Singapur,1996,3.1909851392228035,26232.86919754885,Asia
Singapur,1997,4.739926747172561,26375.868327452685,Asia
Singapur,1998,-5.457986674462063,21829.27813092197,Asia
Singapur,1999,4.876891841977525,21796.641675667346,Asia
Singapur,2000,7.165988201564915,23852.83433945941,Asia
Singapur,2001,-3.7036659520453696,21699.747542443787,Asia
Singapur,2002,2.979229620627308,22159.83324582066,Asia
Singapur,2003,6.101275545554046,23730.379465103244,Asia
Singapur,2004,8.572205291598095,27608.07456877799,Asia
Singapur,2005,4.872093268507527,29961.308280623583,Asia
Singapur,2006,5.6483432938378115,33768.44573937257,Asia
Singapur,2007,4.572986270965515,39432.89474145933,Asia
Singapur,2008,-3.415492694462813,40008.57676180764,Asia
Singapur,2009,-2.8467719492420827,38926.81310571129,Asia
Singapur,2010,12.508521549855217,47236.67153712415,Asia
Singapur,2011,4.023381648658969,53891.46228830407,Asia
Singapur,2012,1.9044622366221233,55547.54625323911,Asia
Singapur,2013,3.133979148992651,56967.42579403833,Asia
Singapur,2014,2.594723154867438,57564.80231149774,Asia
Singapur,2015,1.7623246863890216,55645.60686146057,Asia
Singapur,2016,2.2661730074815267,56895.64333729776,Asia
Singapur,2017,4.452147341814111,61164.89735697727,Asia
Singapur,2018,3.0900752151867152,66836.53851225278,Asia
Singapur,2019,0.1783534649473637,66070.47066792265,Asia
Singapur,2020,-3.6008480858031504,61274.00646269759,Asia
Singapur,2021,13.519126848488455,77710.06995656167,Asia
Singapur,2022,0.27379756364638297,82807.64908347641,Asia
Sudáfrica,1987,-1.408692179967332,2672.6891001510025,África
Sudáfrica,1988,0.64858678848681,2780.5868183311222,África
Sudáfrica,1989,-0.9809613249370273,2794.3956789829344,África
Sudáfrica,1990,-3.3396211835775205,3160.8783649925003,África
Sudáfrica,1991,-3.518471296906128,3304.8283771098395,África
Sudáfrica,1992,-4.128461353336675,3519.001090827458,África
Sudáfrica,1993,-0.5868061364171808,3461.3343526701838,África
Sudáfrica,1994,1.4289367164471543,3547.951415222882,África
Sudáfrica,1995,1.4168241079051853,3904.3242380324373,África
Sudáfrica,1996,2.7224338786009383,3654.9274564253874,África
Sudáfrica,1997,1.1874927871416077,3731.431830465537,África
Sudáfrica,1998,-0.74302435319062,3336.4395467185436,África
Sudáfrica,1999,1.2680708033705912,3267.9390794288965,África
Sudáfrica,2000,3.201510448586248,3241.6612403486456,África
Sudáfrica,2001,1.7944427571368067,2867.472552222907,África
Sudáfrica,2002,2.760877986313858,2708.423418832743,África
Sudáfrica,2003,2.0019937133630776,4095.6836099941543,África
Sudáfrica,2004,3.5812302110621346,5268.2789839979305,África
Sudáfrica,2005,4.2867715305723095,5893.18676697246,África
Sudáfrica,2006,4.591102101092105,6139.581466554453,África
Sudáfrica,2007,4.297645210484006,6662.062785418472,África
Sudáfrica,2008,2.028404687717085,6251.877174654721,África
Sudáfrica,2009,-2.702155971723414,6444.186720097706,África
Sudáfrica,2010,1.8177356973662313,8059.562841010917,África
Sudáfrica,2011,1.8733182263089247,8737.04111019993,África
Sudáfrica,2012,1.0442291704685829,8173.869138171597,África
Sudáfrica,2013,1.0994617350306441,7441.2308539967535,África
Sudáfrica,2014,-0.1722206093284342,6965.137897369296,África
Sudáfrica,2015,-0.75792811406113,6204.929901458457,África
Sudáfrica,2016,-0.30917116725491667,5735.066787178422,África
Sudáfrica,2017,0.7669416130030555,6734.475153124935,África
Sudáfrica,2018,0.28573563410515135,7048.508112390738,África
Sudáfrica,2019,-0.987175236408163,6688.774746496453,África
Sudáfrica,2020,-7.481092762230475,5741.641248772521,África
Sudáfrica,2021,3.870315288612545,7055.0551762129835,África
Sudáfrica,2022,1.1876632135507919,6776.480077429317,África
Suiza,1987,0.9494037204004684,30440.680936939498,Europa
Suiza,1988,2.5213469205448433,32690.43027345612,Europa
Suiza,1989,3.490643162013413,31308.17237945116,Europa
Suiza,1990,2.615466198634792,39575.726814293994,Europa
Suiza,1991,-2.146489920634309,39544.72448697989,Europa
Suiza,1992,-1.1397190696595487,40713.15735433046,Europa
Suiza,1993,-1.0314223650806156,39236.676083733015,Europa
Suiza,1994,0.4656864037770845,43092.013398901356,Europa
Suiza,1995,-0.18835074385067685,50115.13885937029,Europa
Suiza,1996,0.028540638847871946,48092.254207743346,Europa
Suiza,1997,2.0152831609876642,41584.08361979065,Europa
Suiza,1998,2.7242846564736993,42680.194952503225,Europa
Suiza,1999,1.1790059356515457,41696.94036743464,Europa
Suiza,2000,3.3761572949790235,38864.043895002134,Europa
Suiza,2001,0.9349496531454236,39638.43878538657,Europa
Suiza,2002,-0.8262804281674647,42458.5341569947,Europa
Suiza,2003,-0.771333169072193,49337.54689347325,Europa
Suiza,2004,1.9981320556157414,54659.64030001065,Europa
Suiza,2005,2.093586607430268,56243.947298686995,Europa
Suiza,2006,3.4225506597861397,59008.99301402395,Europa
Suiza,2007,2.99182202308279,64991.00514733698,Europa
Suiza,2008,1.5099507937971595,74175.87763777013,Europa
Suiza,2009,-3.510558860201982,71565.56997549199,Europa
Suiza,2010,2.1736381639678655,76531.37294076907,Europa
Suiza,2011,0.6873398696379525,90476.7589651577,Europa
Suiza,2012,0.11059660430612439,85836.2076767359,Europa
Suiza,2013,0.6283606754370084,87304.33058135571,Europa
Suiza,2014,1.1086935944004637,88724.99094026383,Europa
Suiza,2015,0.4941298223927646,83806.44760038373,Europa
Suiza,2016,0.9601316731782532,82153.07454478886,Europa
Suiza,2017,0.4213261630564773,82254.37692697672,Europa
Suiza,2018,2.1055247201241514,85216.64295141693,Europa
Suiza,2019,0.4230897682273138,84121.93103044144,Europa
Suiza,2020,-3.086282110654338,85656.32266630701,Europa
Suiza,2021,3.440503207058285,91991.60045835626,Europa
Suiza,2022,1.2872368456637844,92101.46974143822,Europa
